x,y,label 
4.6192476779960385,4.349955242658814,1
4.695156453829127,4.426020630881017,1
5.476968279341894,4.604180951242826,1
4.569501860169144,4.932325963760635,0
5.207301325411558,4.293489485714127,0
5.219505690965797,4.9963764817268785,0
5.590461993626973,5.005989615485661,0
4.329514140455578,4.716419267889366,1
4.65664621693586,4.645217074153334,1
4.777601103975418,4.12491938895133,0
4.421929259348819,4.20947175609272,0
4.7985320109073735,4.247601470499388,0
5.116398202023545,4.711280330791795,1
5.236284468207143,4.474478645238621,1
4.546897885810695,4.856804968563416,0
4.424322152270733,4.526362815514124,1
4.756244477063138,4.7624796673299405,1
5.840053913214242,5.054752602358517,0
4.400170428293596,4.389353858397045,1
5.882964665539381,4.8010862145982305,0
5.125432746164295,5.005557886019146,0
5.228466344859476,4.2791243522077105,0
4.646933510935279,4.700297906933207,1
4.823764263945783,4.137607363106899,0
4.69789513940179,4.299594295109225,1
5.132083714180956,4.418696778983773,1
4.968098556262317,4.090344184309797,0
5.531246786889884,4.480731873328916,1
4.8211016739574655,4.928627098460109,0
4.980257722521667,4.417489994672625,1
4.5634462085179095,4.489288244844106,1
5.299395876316182,4.623682880138957,1
5.564733612616246,4.568585355135104,1
4.6063666880824705,4.191023495610711,0
5.008188307215154,4.857199761361673,0
5.640006061427526,4.6895925735995885,1
4.3328491770770015,4.892646549091204,0
5.526024788721163,4.1433298041485065,0
4.996611251472755,4.744750403121452,1
4.746602310490669,4.427656043927827,1
5.275267559647802,4.8558357304496305,0
4.932049355413608,4.710839031813119,1
5.212953274620484,4.812233773309851,0
5.050781454802039,4.555289754715432,1
5.3305795472560895,4.619057412704563,1
5.415352296008475,4.86457042120159,0
4.662716699448741,4.094871862917184,0
4.591309164451155,4.486685600368201,1
5.3306977259049875,4.768731977154347,1
4.915341431468691,4.7594398715256725,1
5.5789444569463615,4.573497009162122,1
4.959884468018526,4.907021787579089,0
5.208776592995806,4.458711989285647,1
5.6535713437963215,4.29491065102379,0
5.497360424089216,4.163114180555595,0
5.42081979424015,4.188157820476661,0
5.014005114791912,4.395795729761573,1
5.574900532042338,4.555790732718074,1
5.425816105457781,4.720905828375145,1
4.379402229419096,4.450827234126699,1
4.8318428077011895,4.922461776623517,0
4.877144091982481,4.325461021732942,1
4.777379637313223,4.51153074846559,1
4.6079194361359015,4.342003738341304,1
5.180212103633018,4.669265241412788,1
5.1910674737891345,4.3387344570933335,1
5.507280057315704,4.5633325949704195,1
4.044736018269804,4.772477760995649,0
5.4417895582545155,4.11697559571939,0
4.7605517202844485,4.931387547353481,0
4.8220857352780415,4.380697687000237,1
4.442217116942703,4.90252200033015,0
5.094625098233043,4.403121317963957,1
4.579107812802166,4.406735970128144,1
5.783403619975132,4.510117056075768,1
5.32266108899918,4.964866451055551,0
5.042403635621838,4.961673452757263,0
5.092534151422776,4.455018413769987,1
4.908012124641738,4.788230855773279,0
5.265273943577986,5.01091037031373,0
5.622825102411094,4.4418798982262295,1
4.958013412398807,4.7821532064810865,1
4.536944895082717,4.495128501082818,1
4.833144634434717,4.388771223769133,1
5.530193552359394,4.761290548001963,0
5.418679455130934,4.300489198157148,0
5.146923095330794,4.726704497907434,1
4.7458703610773165,4.139145011884806,0
5.702820453327844,4.316914348892746,0
5.190410981088677,4.232463104221228,0
4.644856557061004,4.290661650361479,0
4.501660535352944,4.070199219946358,0
4.63625256968245,4.69365185544726,1
5.216510986054793,4.953809077721245,0
4.934720793401196,4.790867404811445,0
5.271963140860361,4.797598861625419,0
4.573299157914334,4.535099726446259,1
4.5596760906389155,4.427410294735615,1
4.831452828098541,4.829600431359289,0
5.374058726755045,4.635027821579829,1
5.03618974170445,4.683519807530295,1
4.453320728772473,4.399364638539497,1
4.930000597827684,4.327929879195197,1
5.424666384774148,5.0209789723549685,0
4.7233627886914284,4.68575847544747,1
5.346600419945899,4.297554710698508,0
4.56031598109983,4.150804382639707,0
4.726017441275979,4.545843410958401,1
5.177356907917531,4.978255893896589,0
4.340423032798453,4.694978263652947,1
4.658610386951023,5.041710466968368,0
5.721284488932656,4.770534130750381,1
4.964064058219673,4.379397404547915,1
4.608848036686419,4.495570720539094,1
4.329117929057856,4.18580681288774,0
4.155075791955053,4.106629854735941,0
5.0601073201085685,4.815228217926358,1
4.27909368824598,4.153193287996408,0
4.820177942391145,4.507134190433754,1
5.046315396178143,4.69056965168033,1
4.5295937572051965,5.071901601946102,0
4.785024298149535,4.541256253357747,1
4.982936690586442,4.5631153587965425,1
4.877730055042171,4.244405310757477,0
4.895524934082346,4.814438152792941,0
4.318182458071253,4.489958146842188,1
5.1314556950614385,4.603381147223647,1
5.36249329060531,4.25497195661513,0
5.437628386864382,4.304254031792858,0
4.713644261526774,4.622850378612178,1
4.849623866071056,4.620801201300314,1
5.07456601711642,4.141583195306281,0
5.329277742774867,4.044995665989645,0
5.172740325026625,4.655578944879771,1
5.703339787954821,4.9745338884784,0
5.038406153718597,4.620085832149089,1
4.1269371686437495,4.606504422502112,1
4.946202186759289,4.607724015317879,1
4.9048980983152095,4.9994707623086185,0
5.114441371960827,4.539542995187225,1
5.14303385312964,4.688209440973079,1
4.647406324995065,4.690953629331495,1
5.344843888959651,4.252691939574556,0
5.2091196972345335,4.2862166615138175,1
4.714060440752566,4.729977237915219,1
5.065020714487345,4.498489775616968,1
4.953964721946463,4.27221050078721,0
4.546569496411913,4.797321756315749,1
4.832512039040066,4.180409693591839,0
4.355076476519187,4.958787031356765,0
4.945604193788335,4.679368347055633,1
4.51331053001867,4.650990974335873,1
5.076554780024481,4.359474294721379,1
4.9026112077416135,4.5335294822377685,1
4.5399360692924295,4.537057951582339,1
5.358487241045296,4.210375282538437,0
4.331931281505436,4.580493223635314,1
4.191860533819686,4.115373903232933,0
4.538743118475348,4.347025506484915,1
4.886616192721327,4.257228307785072,0
4.391782574623333,4.360816293044252,1
5.043637902604198,4.947692909927528,0
4.746819692717588,4.521772303143572,1
5.118426630708887,4.834918538548441,0
4.917485439191564,4.970121609761646,0
5.368486066776135,4.450210873441164,1
5.03884027358852,4.092194155723352,0
5.268060593919268,4.420160332611736,1
5.268789509809988,4.73825134177017,1
5.783432350201609,4.429605358880543,1
5.0920145218884905,4.685746699774659,1
5.097373110322404,4.862450315327339,0
5.0801145714076394,4.895457374573005,0
4.662340310171494,4.393966062589074,1
4.797796546385897,4.435699294333184,1
4.951697498751243,4.985717545088164,0
4.5550542384053205,4.659048029191468,1
4.781052681432059,4.808518290168915,1
5.051480947283005,4.6991676570426275,1
4.796161671144591,5.00257142116477,0
4.333730060927347,4.387156135769748,1
5.025576199659126,4.209889395950257,0
4.906723475466472,4.946975636706592,0
4.928923368450032,4.5640604718072835,1
4.902603177103493,4.882049456831256,0
5.598407060771493,4.226069646950112,0
5.081567968873626,4.8494270534833275,0
4.84153016903719,4.806545857912873,1
5.634730442491289,5.029633803268744,0
4.325263474004968,4.633887203184688,1
5.505399178088316,4.8035133994592005,1
5.013661197374629,4.469377712356884,1
4.17159320169099,4.1094911937218015,0
5.332629074878538,4.946516942551904,0
5.055757507488534,4.2979439575405625,1
5.291556773287369,4.664413959375411,1
4.6356356539540915,4.18916967720512,0
5.098612090059618,4.867959595963966,0
4.935252277949997,4.393443209602813,1
5.8311712183318445,4.823328917446472,0
4.481339875748468,4.362575847134933,1
4.769291562817698,4.257196899731729,0
4.822148168771721,4.5276216467423165,1
5.240247259119673,4.328409295974729,1
5.4689756950427215,4.271190425714334,0
4.79469898391328,4.602853731464149,1
4.802804655764837,4.576089958222531,1
5.743105201648919,4.198544949468359,0
4.235564024425195,4.353498868485001,1
4.459717859072251,4.808555014085013,1
4.660602304427998,5.059177912594543,0
4.278776658595435,4.108719764207833,0
4.585981408931704,4.775476460567353,0
4.977991914207128,5.013036139990766,0
5.185936571223505,4.900166584114605,0
4.701947743285013,4.332820178993723,1
4.649690602362089,4.693718938898374,1
5.020345713917047,5.034869794278583,0
4.894037009526954,5.038705780479497,0
4.989390646868178,4.405552400433541,1
4.420790951575057,4.335457764490686,1
5.113599179487265,4.253585335706491,0
4.759011594884712,4.406259987020274,1
4.7236242516094675,4.60275268597395,1
4.449942546861129,4.985152991265426,0
5.473175911785247,4.599641331165829,1
4.486501792943448,4.329360180348029,1
5.173996530892744,4.120335980095526,0
5.2994451166435175,4.503301035851773,1
5.273651441485205,4.926586584174537,0
4.875580169146578,4.356359521564041,1
4.958475087199083,4.181768004086205,0
4.882225143427049,4.458844631243646,1
5.077461936852098,4.725594114200924,1
4.521404349687161,4.464363226652583,1
4.493605558444452,4.774741718693491,1
5.0862771715211474,4.730032279203343,1
5.59092134930989,4.58141227291015,1
4.9389424563891575,4.468674342156234,1
4.237223628002395,4.4871559888066255,1
4.624845152487613,4.348446027612234,1
5.323678457342003,4.618524030857717,1
4.7291985518264195,4.941688272433304,0
5.045241336135151,4.145618120549737,0
5.745140669346466,4.505294850226572,1
5.090366966170562,4.293279320092112,0
4.823691103879996,4.492855724270264,1
4.856730755743818,4.20466877323273,0
5.417002249470755,4.51208038995238,1
5.21565385671962,4.999719250967227,0
5.172947910520142,4.800097362171685,0
5.627590467656395,4.944970341629488,0
5.621192554019883,4.541535706472866,1
4.522619913177638,4.633172072154791,1
5.337399299753391,4.5344706747162,1
4.397927799979518,4.128786307635187,0
5.681705045070655,4.332697704480848,0
5.457472358090476,4.510521530474287,1
4.437870004160045,4.432026714633256,1
4.89070344725653,4.975620778485484,0
5.071468662919297,4.5427904218874655,1
5.3253325084289465,4.411786188133939,1
4.603117055849324,4.283873050817975,1
4.5163350783557075,4.852574396750697,0
5.150601403966713,4.746200723975165,1
5.425522230479898,4.199271295823796,0
4.714163904225795,4.133636020595124,0
4.842380588206674,4.765390057075966,0
5.225200920959648,4.646740105176912,1
4.892185159406991,4.18770713818102,0
4.90113878467542,4.075996059701852,0
4.17165106145732,4.1416620661932715,0
5.121181207164981,4.390197623333136,1
5.0004463903384915,4.225987707562282,0
4.260806604506937,4.371506312913421,1
4.471752483508848,4.209948487120233,0
5.667602145673374,4.345805129944816,1
4.992153218085296,4.260518317784904,0
4.588445505593824,4.528126419013809,1
5.6533062930656195,4.826998830961655,0
4.438514101869777,4.125934296620607,0
5.255032231426303,4.561536043436158,1
5.326102580686733,4.933251212476204,0
5.700491555800173,4.374646991376146,1
5.474520578971538,4.13992756156154,0
5.671210069060258,4.1563372782902155,0
5.273733944364038,4.394661585888214,1
4.291169059997371,4.211090788053025,0
4.58248636299512,4.230009829279638,0
4.735627858873369,4.303942480817933,0
4.587232092553435,4.323275304544433,0
5.171376295739575,4.178696214391403,0
4.6644317581017845,5.074295355363487,0
5.008211198913461,4.329371265825562,1
5.7503401503649725,4.507096708030083,1
4.7912110053526185,4.759885133889518,1
5.050021449762716,4.101060611421519,0
5.20188072608679,4.208769310740643,0
5.662960294803205,4.102574894903648,0
4.610776939923404,5.001971800635784,0
5.205256529629385,4.7113127146455165,1
4.79849933645638,4.192672660506166,0
4.732334862403474,4.544998240714197,1
4.645341349413273,4.504052674172442,1
5.369215894176313,4.399039139059652,1
5.252034970740857,5.040825421751545,0
4.9488395189877705,4.236007340166349,0
5.062079498840142,4.864078211182461,0
4.6328710841460765,4.143104783312212,0
4.926110645189013,4.478265039911681,1
5.160725595598564,4.234698214983559,0
4.690547286364528,4.243460816266543,0
5.194569871072418,4.862505330743193,0
5.133733895123465,4.7877047417044505,1
4.848421554847656,4.283491076848434,1
4.369434475132117,4.510445668709775,1
4.287053008179705,4.0886632165315655,0
4.785662344170963,4.389923449662519,1
4.637401704041298,4.994712426170113,0
4.889527006847463,4.627775689512555,1
5.308382527766429,4.75172350641966,1
4.45757407717852,4.402068295467379,1
4.789820799949201,4.421055975649363,1
4.614710352255088,5.000787274962185,0
4.521949344489855,4.883728370290486,0
4.921865237496704,4.9977205812458525,0
5.432335701899956,4.899422441466669,0
5.469086210743809,4.862723089398002,0
4.868046310469604,4.325843401596554,1
4.5365913667000175,4.763144504222366,0
4.527334039762111,5.00237940082418,0
4.975270377632601,4.379156545343917,1
5.27681864459878,4.422581681915588,1
4.493756057481388,4.819362132537384,0
5.812164419369482,4.083636855051772,0
5.34555394357653,4.390688898171119,1
5.7200142540873316,4.5291214163753555,1
5.71970140435235,4.207744037670737,0
5.05779963627893,4.673279695596204,1
5.174865932430781,4.985848262108416,0
5.409150759401854,5.014193861960102,0
5.4582340333124195,4.242604597213642,0
4.699961371316504,4.598816511909207,1
4.664769219679455,4.483435506890574,1
5.119054554616975,4.707719352245983,1
4.700037506533107,4.316046116615675,1
5.337320810780591,4.472142824562243,1
4.910497298373368,4.261095126107698,0
5.500373775701201,4.409939547658773,1
5.190747173040753,4.823059654669136,1
5.335846126535105,4.551217358692685,1
5.162694401834292,4.0867783206480714,0
4.743850947586072,4.797785116688105,0
4.294676196687921,4.488850975180265,1
5.522580268274885,5.03964674582961,0
4.820393870195935,4.300521083274013,1
4.666200818860893,4.9065468971065185,0
4.682659498546343,4.143592093037102,0
4.788624814458332,4.912503899201391,0
5.389099234251684,4.482522466073301,1
4.291176223139162,4.193798176341334,0
4.757692163692984,4.402819119860246,1
5.733535136363758,4.930716436535245,0
4.943025157371569,4.371284715765744,1
5.629463344311548,4.680536686477292,1
4.909340182142481,4.880885334895755,0
5.082483456069358,4.138561162975254,0
4.951702887731264,4.7893922888610465,1
5.401922901847903,4.768298337338482,1
4.14564653363198,4.531512115072278,1
5.164821886988677,4.468577815856672,1
4.960954903591933,4.658200436912857,1
5.227692328762794,4.955865636215265,0
4.829088404041929,4.2823681785224315,0
5.3034952277776926,4.241962532396886,0
4.880446327055031,4.494741161744002,1
5.512755429677465,4.34857766790834,1
4.915328252831644,4.913742744332191,0
5.467452380143591,4.255666080663632,0
4.412988809816195,4.559585532672041,1
4.706182498595539,4.519477524537131,1
4.776135832678609,4.662570360224618,1
4.629515586698562,4.697974006510791,1
4.9195438279358505,5.071262629464116,0
4.902209997042586,4.244574746577019,0
4.721023538095432,4.305809086000064,0
5.494673548765475,4.884324725099747,0
4.694911907677559,4.867908173479033,0
5.024168605301126,4.142238307780419,0
4.663410839766827,5.004432362991956,0
4.7344093045238544,4.1906659913621365,0
4.821444726031671,4.153883315771737,0
4.840193679358712,4.956770056232503,0
4.944334312160009,4.519559632178612,1
4.553875062680325,4.213541482538236,0
4.7228766608477635,4.376961971118202,1
4.8858058995809115,4.68312132460178,1
5.044994915971396,4.327364446915791,1
5.0182605198327765,4.421043350119033,1
5.178735061893698,4.160397830486063,0
4.555662627646148,4.681904622830975,1
4.4742391826167385,4.219692736255224,0
5.212658679290412,4.968607793362075,0
4.520620306485723,4.994980202361842,0
4.56617478046811,5.030446959675663,0
4.263735542504804,4.7388729913457,1
4.8014863905779315,4.452945776306729,1
5.477818701427019,4.807632137484076,0
5.227060573360815,4.046790017228848,0
4.707144387259669,5.034129706098364,0
4.511667123228644,4.996565840614139,0
5.183326785285629,4.407496978977114,1
4.70483682536939,4.758588233195677,1
4.196443977664337,4.862453721413248,0
4.954108899228472,4.706029782520758,1
5.943488010600815,4.5320334326986815,1
4.989937982614063,4.594573807265803,1
5.097130574324004,4.375482114704565,1
5.542183786901143,4.777644941968871,1
5.085632962036076,4.832359366517561,0
4.406842454134006,4.436453193457122,1
4.831068698591973,4.584506436489181,1
5.39359820296887,4.69869440729711,1
5.601376923377616,4.219886617868479,0
4.999343787932037,4.372274270717414,1
4.986860817182083,4.420937030059543,1
4.396936895879368,4.118070066201963,0
4.659477005985478,4.9872527676451694,0
4.671880956293557,4.893628520540154,0
5.060361399593665,4.9703504443902276,0
5.490149040228451,5.028739044570598,0
5.247318800716895,4.112260303246653,0
4.313544206378485,4.456939211970173,1
4.574878090676366,4.606951259257513,1
5.5638525186342775,4.148171260227194,0
5.10933238785688,4.901619536875321,0
4.684213637813063,4.76497683697201,1
4.666187349965763,4.113903203000683,0
4.572361269426707,4.546654479419923,1
5.422364685240495,4.958286303633182,0
4.333561182537888,4.080219470449506,0
5.6346735181535355,4.389664702888911,1
4.406208881722932,4.5337991105187285,1
5.056848874435887,4.667976005894638,1
4.524431055056246,4.2962210237079725,1
4.292894330266533,4.454938736993864,1
4.64201758642969,4.4487595003330584,1
5.408122812903039,5.020296846416257,0
5.338318375386611,4.196953230084851,0
5.335201835257569,4.150367863741514,0
5.2227730817141795,5.0120684011235,0
5.205986993581959,4.481202260959366,1
5.761584646891494,4.430918411618622,1
4.859411255774114,4.256059267868112,0
4.566042902076038,4.127323656757822,0
5.68019674070591,4.673644606722485,1
4.248261139870351,4.6638573686037725,1
4.793844742250345,5.071166946483404,0
5.145645325784182,4.6886029169723935,1
4.484883800350427,4.0941915686176005,0
4.413913665468546,4.1649164256053615,0
4.989066492320441,4.530380354450689,1
4.381014055231784,4.06953889057062,0
4.703342221982808,4.441737107543931,1
5.047168458367396,4.310599332865106,1
4.9746909400311505,4.960816743705025,0
4.5520682747484384,4.813018870530432,1
4.505004177632805,4.177001615272811,0
5.467388958937486,4.563501527492806,1
4.895225810629354,4.766400412596777,1
5.60804201652548,4.472168845041767,1
4.989042596792436,5.030713647742763,0
4.916723988176118,4.76666096942963,1
5.7829511758533725,4.413808512018554,1
4.879822581468176,4.143957622869572,0
5.387424558438251,4.3151011298673545,0
5.16630314537968,4.916524198523831,0
4.558233353465822,4.483687529084925,1
5.416524832413632,4.52854396866038,1
4.77618986480204,4.78719425554425,1
5.324970476884117,4.775440598940858,0
4.636248533506377,4.22281233528886,0
4.436786204898675,4.8621214317068,0
5.621449939136133,4.9766318320147,0
4.60074332445615,4.600047129179399,1
4.450600633088673,4.535327757983411,1
5.725626482083916,4.192059187775338,0
4.738943531878038,4.096990260826919,0
5.72497174176022,4.8811919666367425,0
5.152064214067619,4.134355349077643,0
5.458438507149522,4.058801313486261,0
4.681303520930774,4.991637380106929,0
4.623499857304446,4.346391735606988,1
5.354242939778653,4.225578257571685,0
5.728993888218829,4.474140974582481,1
4.969796784180823,4.535539131653764,1
5.077993026864534,4.4731361973575,1
5.033089215971297,4.550795391483516,1
4.493435217944068,4.879224952530033,0
4.745240949926211,4.085436592637429,0
4.955472987153389,4.59579972719304,1
5.182984760044651,4.763042922314825,1
5.0416561058957665,4.754531111998951,1
4.795259180802197,4.7092688888444245,1
5.5023542603346325,4.571729106263301,1
4.969921932313533,4.989513343249863,0
4.554176679775114,4.445721169920157,1
4.754400945546913,4.854204048633055,0
5.188536153691907,4.805979329498581,0
5.223853882679796,4.607449361255548,1
4.533094413648499,4.96641295650588,0
4.296026868826543,4.540174733058923,1
5.244544832624202,4.104957094981467,0
4.922352747822092,4.734434260153432,1
5.683053487371072,4.753034935695304,1
4.992806303568927,4.2348153436756455,0
5.358769304790682,4.733238911366999,1
4.563076804869091,4.555821081506537,1
5.2128585017853455,4.384673913119523,1
5.0995163903894145,4.73514554242501,1
4.105295983399106,4.898306440419506,0
4.2648795236158605,4.781323910318625,1
5.003710234096271,4.411308793016564,1
4.414386865823083,4.149483412161497,0
4.740031654144928,4.459789708245827,1
4.614274085816739,5.013100822666019,0
5.065876313799619,4.856970495075017,0
5.02935853892622,4.81071038534157,0
5.12228089995911,4.9953421158200575,0
4.558620984634164,5.077235973936503,0
5.118120377712588,4.69431574302444,1
5.145097210398234,4.104385740932929,0
4.968858062399769,4.42153238731262,1
4.834461344668177,4.336717069525023,1
5.084703708727645,4.142007991955206,0
5.173184501353599,4.089441891766516,0
5.2259432194876085,4.453465557887395,1
4.812987299911082,4.359882652161947,1
5.752551201589645,4.225902705519748,0
4.402725560336622,4.646390769638784,1
4.279512965386786,4.473422461332754,1
4.821635159387323,4.974914497063482,0
5.499024551708885,4.673948414798325,1
4.661990246980703,4.384082833590795,1
5.6240589165741515,4.2782555923652925,0
5.074266968256245,4.158893491497948,0
5.04165584961884,5.006513196891491,0
5.224498863555308,4.446534148639137,1
4.856741084294322,4.61120503491017,1
4.963807233110909,4.774690899994769,1
4.528246497345027,4.894161789639163,0
4.9522389019369335,4.644766918692991,1
4.74479752843483,4.073109176166729,0
5.221727359296883,4.996052312325385,0
5.381169781357597,4.86997026638151,0
4.846714479549472,4.464072798339887,1
4.806167475035467,4.096448319727159,0
4.319350103008695,4.1257087845780624,0
5.940938007095312,4.917199379320085,0
4.76161656651751,4.899213420882475,0
4.742822364737318,4.6860896414824555,1
4.955646777495093,4.177928697664875,0
5.280757051422739,4.424996577859875,1
4.734199052870655,4.793450316666544,1
4.4828218163459805,4.952834440662711,0
4.749583912599249,4.7647882689234,1
5.335346679475908,4.276921656386076,0
5.343546124378032,4.662530134358426,1
5.4173499528077045,4.288098823601147,1
5.8999155660058085,5.007993741574991,0
5.235786114919053,4.187974236799249,0
4.690029004329306,4.456836446137299,1
4.785619688081845,4.319714364027476,1
4.924456946791801,4.182682838659609,0
5.173653319589546,4.907155188659332,0
5.510269512132518,4.54444649619707,1
4.569972129227921,4.69317473797262,1
4.956242832597712,4.452350904687487,1
5.284386847463164,4.90451816087747,0
5.805455478378135,4.767073275116988,1
5.240957771852494,4.4405025483419855,1
5.0035817040823325,5.044974359245101,0
4.9350867049229805,4.665863851849352,1
4.889973689863005,4.128189245863961,0
4.600343620933278,4.654333862890551,1
4.7451119039281275,4.490928795952509,1
4.172247172603489,4.118328166372461,0
5.540395725488404,4.610938710731354,1
4.494489059656127,5.0359961444739945,0
4.707896005362293,4.721430129877656,1
5.304231581693789,4.616369244598923,1
5.34928270717812,4.323438448882075,0
5.285331964424623,4.8779143720657965,0
5.008725858787315,4.692276423818056,1
4.8321618647710585,4.857541778717498,0
4.641654413133815,4.695058090260879,1
4.851356764737008,4.564799844443623,1
4.364358828309998,4.529268197748961,1
4.799134783061595,4.384457530099298,1
5.232190542992032,4.452684189943549,1
5.312347538823682,4.8855979034054835,0
4.753716891956575,5.015866668679267,0
4.526885463044707,4.213000572757304,0
4.892190157438622,4.779081275388016,1
5.597473908709997,5.022364887565474,0
4.831568418599768,5.018758928292151,0
4.715337107126518,4.396397207911673,1
5.362356004265635,4.421442651041775,1
4.911581872256946,5.036002266635637,0
5.400131809732148,4.154579546332333,0
4.725327878394579,4.9909334901072455,0
5.003261848304395,4.439063732082636,1
5.4414476902489906,4.57962960695254,1
4.560094050919021,4.611220353406313,1
4.628214637116671,4.735472287896398,1
4.8574185999710116,4.40992401528112,1
4.628511692244441,4.183288835220265,0
5.031822522794644,4.380373460295701,1
5.08740642624574,4.675863634061682,1
5.379053756095813,4.087558732025432,0
4.9501038158110084,4.851786967218717,0
4.77090035607368,4.26662548670191,0
4.571418474235136,4.614895330035583,1
4.874386436715818,4.233725772486827,0
4.612375129430352,4.3488468093377,1
4.565429287601694,4.7115659624996855,1
5.537484620250468,4.274757936328131,1
5.4565712583265515,4.712389497834322,1
5.125344207174431,4.488257564865489,1
4.9178765320554145,4.969304787735416,0
4.878932531791022,4.907137168347957,0
5.708933012501927,4.458945667484309,1
5.932973466740566,4.388775559393727,1
5.4755843745286485,4.860312499941154,0
5.541227842613674,4.5178993447342695,1
4.8916961982554295,4.328226947620148,1
5.413758886868427,4.119435412049775,0
5.3377615876699815,4.120789866679857,0
5.2084342468114455,4.702415522425917,1
5.590345326626244,4.750593304239712,1
5.321948287910062,4.920729719738278,0
4.768913721326914,4.323329469973094,1
5.006115406341147,4.933432208963633,0
5.260622633994849,4.287381472664779,0
4.835841284268323,4.873506472152538,0
4.689453534771523,4.263120742430739,0
5.1981499482447315,4.034882527843441,0
5.484767843494819,4.9416477282847975,0
4.69896992472721,4.740699966429082,1
4.4487493291793045,4.9756664283868535,0
4.590552226822294,4.726145626599409,1
5.427019365309238,4.880681843838323,0
5.6727541974271025,4.447898701189947,1
5.021727890799105,4.485678126213131,1
5.251412954066992,4.591553908032621,1
4.81882824954898,4.144436661112086,0
5.064186419629372,4.280310863399308,0
4.871961346795503,4.658468872440305,1
5.069980365909706,4.801019076998463,0
5.1605791837199755,4.918877653561554,0
4.496410551418456,4.409825305520126,1
4.889902071645359,4.830923446330484,0
4.987208741890749,4.089613856680381,0
4.920213382342453,4.693920875885652,1
4.999729361836584,4.3763756629387025,1
4.6513127400769285,4.637584869660662,1
4.902255013715628,4.9700596711593175,0
4.775178396087496,4.288252791417387,0
5.357861722347023,4.461753540609253,1
4.906033537153262,4.72589553169594,1
4.9179254571226485,4.861986574904632,0
4.036068931073334,4.600924798718026,1
4.275937446637357,4.907158166177686,0
4.36312642655201,4.538732784384005,1
5.61847428505141,4.549253071299662,1
5.254625665858329,4.47985421308936,1
5.432824796520864,4.3692402478574435,1
4.503655864319177,4.209083726449963,0
4.531433305037781,4.338791510201229,1
4.751505595167652,4.349903081315967,1
5.136822838215037,4.783899650093844,0
5.456868395075804,4.8776282984213974,0
4.464660403781695,4.186770317702362,0
5.2481277256673735,4.596812073776269,1
4.580085447070771,4.625522207106711,1
5.445062618058909,4.517275872643895,1
5.5224044180601695,4.4555539858759765,1
5.494528907740599,4.460650263758937,1
4.81968157827087,4.087728837622519,0
4.3357695102558385,4.9807449616444455,0
5.019504532914442,4.087284474863101,0
5.041773999130451,4.573242919054358,1
4.995247113120331,4.89460228068591,0
5.387289696927183,4.6589297433514165,1
5.01718349192204,4.481367187499724,1
4.947659441281795,4.56033645018253,1
4.779744512201224,4.805027708471645,0
5.405207513590294,4.193456209543727,0
4.5321515165501705,5.0539275878205,0
4.593306764415782,4.5719221235612695,1
5.17500662196106,4.984080422997267,0
5.521722108421136,4.9850475121628675,0
4.859991197859664,4.774764005463149,0
5.560389838722988,4.732219474974842,1
4.901201816581494,4.689209365513989,1
4.9565347004304865,4.170690543961957,0
5.103823169245825,4.5205797624319235,1
4.240788094385918,4.576803984167249,1
5.1300453353188376,5.022778649522374,0
5.194131242129908,4.794773829600584,1
5.216562250835512,4.824482224231653,1
4.45717277784536,4.542624127871749,1
5.394716041707165,4.213507121937458,0
4.410141171027218,4.810632544443182,0
5.109197399889663,4.53752775217348,1
4.9098507874127515,4.484373179597101,1
5.53935403412999,4.0472678626503935,0
4.726528356259656,4.176134900413476,0
5.590910098515476,4.470229203760537,1
5.5477593382287695,4.840039501211917,0
5.269754114816873,4.094283269559712,0
5.486227046430209,4.608082013417737,1
4.596280246142412,4.987240258528363,0
4.6805498720288865,4.777421205081562,1
5.602602146295772,4.3040971464837865,1
5.343841484739513,4.894633401663782,0
4.705714642417828,4.418578241401791,1
4.725727273070052,4.6197389367671855,1
4.915098963142329,4.514576889737102,1
5.478243535826908,4.069547118656974,0
4.981178398442021,4.7501162423280245,1
4.631534806514042,4.620969192107734,1
5.2432852922724935,4.849769531079574,0
5.117936965628708,4.106918885142964,0
4.411741006252258,4.779240852064443,1
4.671806995449393,4.349407772275837,1
4.738328745509259,4.3637518634042065,1
4.558090878346217,4.874633591697998,0
5.295051072023163,4.0869410638565125,0
4.924186758590427,4.046115482492235,0
4.8935909842729375,4.353525894143981,1
5.604530678607512,4.570467441117484,1
5.101972836373948,4.662916840543729,1
4.323332213767953,4.323089508802593,1
5.288812533803767,4.299043867075985,0
4.83971667135261,4.388784033388065,1
4.352834974144505,4.541010403336674,1
5.489030143098859,4.8479462518240934,0
4.907129307527473,4.17374054224312,0
5.279302732852274,4.738381700165521,1
4.770562894287627,4.567829045298118,1
4.654892899621135,4.961488933670853,0
5.047443597753388,4.5875134894848015,1
4.59706215637602,4.18190131296992,0
5.1804763927285125,4.50356868944026,1
5.119197638493739,4.215861716619906,0
4.526160767441622,4.453851368680442,1
5.506756003130436,4.290354772110396,0
5.260381788887037,4.986349719013727,0
4.383457689222102,4.465303775914179,1
4.686462836874185,4.825776493816696,0
4.59794659255958,4.168462351741425,0
5.0323825331456895,4.934720440559649,0
5.116631920439683,4.294697277647254,0
5.902911421065759,4.195712562562117,0
4.1563560647176265,4.167064179715246,0
4.737518812184878,4.570350093943613,1
5.483540959784809,4.78391088477303,1
4.67616312688663,4.963425450622298,0
5.643535107791203,4.76701110957956,1
5.525206837964251,4.541141538631368,1
4.690406871441978,4.8956189049574865,0
4.887685651312202,4.053273831921385,0
5.314898243160302,5.000923604580465,0
4.9200962617291895,4.7118075898805625,1
5.566247311610547,4.453563312920146,1
5.185017043865628,4.057615282930198,0
4.730675747638237,4.833521458115337,0
4.6439804157701525,4.2878966703014365,0
4.616826593138589,5.0407867164645035,0
5.549970717193975,4.9269335643436,0
5.167035043495197,4.784474766523784,1
5.337715310871685,4.764080843672488,1
5.364313502046609,4.48918275584603,1
4.540372680141153,4.902753783038566,0
5.240126675611937,4.192969263771137,0
5.149202036971744,4.664366422928223,1
5.6051358392128385,4.333685795859119,1
5.419971309696381,4.495164846845423,1
5.645021470214276,4.065225855517522,0
5.029956371722502,4.2226015958493175,0
4.874155988981949,4.126790037109763,0
4.991960562965892,5.007889980583937,0
4.996687716391088,4.408466369133149,1
4.568281801071816,4.576946580185549,1
4.767522238063663,4.6456266522317,1
5.149042240103626,4.245378264418654,0
5.577215203464566,4.543172610857098,1
5.6302567085421025,4.874892230463198,0
4.918247367866975,4.4135730249424405,1
5.193800107708709,4.929324739739879,0
5.136558114127402,4.070822722870301,0
5.059744752715297,5.020402602500273,0
4.287114854130629,4.786136242647522,1
5.057493326665487,4.358994263741613,1
5.201014320024579,4.70868816762762,1
4.217257432173616,4.4019690139375145,1
5.439870602431451,5.046846927081448,0
5.242837526600024,4.369200823777122,1
5.159718285226971,4.125968419477523,0
4.987029672789461,4.3975816414619056,1
5.733485294544505,4.482926204998745,1
4.837186037622417,4.37809929133539,1
5.571827215697994,4.979285085671238,0
5.133164464783632,4.394099944201876,1
5.335176404229442,4.595971921148763,1
4.114811628092089,4.969018262758059,0
5.522081460511108,4.9825886203710565,0
5.174388896458261,4.276882412150253,0
5.098084539649293,4.7712398945465955,1
5.498116986755942,4.439155252101209,1
4.976491513213652,4.618137000950705,1
5.272038228421169,4.813220689752862,1
5.6247917537280445,4.828251000557549,0
4.619453410291999,4.961971598073073,0
4.8514692060235625,4.11564898053164,0
4.833819650559807,4.281036147447378,0
4.167836445777066,4.46119133919991,1
4.512919935103607,4.378218987645586,1
5.071111577957017,4.789891798055415,1
4.857277766374013,4.710973940969263,1
5.676701516642989,4.939984885047773,0
4.9250718291223885,4.9026995192050125,0
5.02987423936966,4.799705063548286,0
4.4271015823805575,4.482060846276543,1
5.283833288215387,4.646237505328907,1
5.2365902585937265,4.0959867246266555,0
5.391406165906844,4.89010791208946,0
5.474716772274021,5.035622428772949,0
5.1289254235705215,4.534831915712431,1
4.657106203095624,4.9738324180080005,0
4.865072764178079,4.190318508188997,0
4.991449986994756,4.299868403002702,0
4.490237136664021,4.54977053722287,1
4.465404974353381,4.538224310644551,1
4.529165559975746,4.453907542232543,1
4.687146834626335,4.1054254391097915,0
5.5706324112457155,4.741231558233625,1
5.171997464625242,4.725615372793904,1
4.946504876635507,4.430243705197268,1
4.9411801712088215,4.996162715440946,0
5.63131080249131,4.801143298785722,1
4.925547226225852,4.070864078421071,0
4.890173584925221,5.0518536662536695,0
5.454698982162775,4.30767479175937,0
4.288968462600372,4.106020678070525,0
5.463773269200967,4.283832573176723,1
5.323563728786354,4.753638802403528,1
5.31190366379478,4.3271474857723184,0
4.71080605895498,4.275260124442684,0
4.961052890865647,4.044843742819484,0
4.908446858985918,4.282665346369299,1
5.449323019375469,4.72096825813937,1
5.044396376437725,4.048714063025352,0
4.87026913751991,4.1599100859566835,0
5.033701517131542,4.452322195252308,1
5.69808062869723,4.536262134615504,1
4.423146895098101,4.703153836230821,1
5.477827921851522,4.790040152263202,1
5.324500131661618,4.08975259149726,0
4.796512668778514,4.482878392971828,1
4.545262985252537,5.0398796013894716,0
4.224190781397988,4.874874262694628,0
5.056345157823323,4.307028471594164,0
4.927542182341286,4.508301728609051,1
5.003434773371431,4.109567396532116,0
5.78480892369992,4.326295517108435,1
5.058632476204245,4.54592839771588,1
5.461525549679326,4.794761208218613,1
4.981344729763218,5.075539469206982,0
4.676765750661835,4.35932311209504,1
4.625001468607395,4.9468549634789145,0
4.538795504760895,4.984767505667738,0
4.383376824194926,4.9675794658889325,0
5.000839359269333,4.531176827476043,1
5.38735160597227,4.8702851995799135,0
5.831151442272717,4.8611269579003356,0
4.652788962447902,4.740141979270521,1
4.7482417654991425,4.650346482200201,1
5.205386117678003,4.37603757584333,1
4.269102158544847,4.061302487511525,0
5.596197142729579,4.112320921060633,0
4.904287989921824,4.173878225789828,0
4.554936440151471,4.051614419576263,0
4.522972830933467,4.394625145493247,1
5.317453131111771,4.164519978886604,0
5.491512907943696,4.66048632857364,1
5.052789902132023,4.067576413797375,0
4.205834304660626,4.107899771049598,0
5.02927067008918,4.217942972313088,0
5.362603927674524,4.8507976149560905,0
4.132970630801031,4.833460721241266,0
4.81147690729006,4.298807612625195,1
5.383558610282145,4.20358631488334,0
4.310780415572665,4.293040358255114,0
5.500890251204099,4.122109606930723,0
5.411015501812287,4.156605621085725,0
4.696214917299272,4.158135664446674,0
4.424330054356593,4.138305348260259,0
5.803270025854298,4.05921491085281,0
4.322007729921122,4.541765502990242,1
5.323348901399123,4.8698683517230155,0
5.530743316781992,4.704969370329402,1
5.155461802393345,4.117105845402302,0
4.82432832680622,4.022954119829619,0
5.266471489767516,4.514707919414405,1
4.831047025785929,4.178177828227006,0
5.107583441224156,4.789669519714896,1
4.694067332791792,4.801619975467017,1
4.638012632730089,4.910089612627042,0
5.554617156698315,4.396819554218537,1
5.772988563450701,4.998090409112121,0
4.587431087057218,5.078400626277937,0
4.475585073821516,4.050287555681556,0
5.467932703822235,4.900430098640245,0
5.209824801494162,4.875143433741641,0
5.181530658388518,4.805881770930199,1
4.967798478168157,4.357304730181798,1
4.732602864374092,4.573577591771801,1
4.697829179877508,4.474900813313962,1
5.188154852446328,4.671269035995827,1
5.1345654534355845,5.004458361697147,0
4.133143036845391,4.275622268841868,0
4.845949888055381,4.346461448153384,1
5.3488576183835495,4.754113955935594,1
4.964413723754575,4.839221061078039,0
5.159529392729904,5.030422392544201,0
4.450496337298764,4.550906421161403,1
4.8073553053098355,4.932346316481585,0
4.448280567190581,4.393185717648006,1
4.338231692816201,4.216384976164232,0
5.545230242079661,5.00686245120536,0
5.269833276285386,4.057641883876037,0
4.200722954832836,4.456198946274145,1
5.1239979689644235,4.461615546572874,1
5.4500937856619425,4.485677180781215,1
5.393493083998123,4.738570528262252,1
5.561826847426792,4.8407339340310145,0
4.939955369842909,4.921803712712182,0
5.43922649295788,4.888834128261406,0
4.737935773168101,4.0973083226272005,0
5.820928020723077,4.255945385312212,0
5.1370919848630345,4.6456383990614105,1
5.695213174779165,4.9087911424556685,0
5.189456499283102,4.6099321860902736,1
5.248134076086818,4.358615812545917,1
4.720144777013044,4.925727929858923,0
4.92400974468335,4.216677912323314,0
5.601029811769232,4.515173069235425,1
4.229284322921969,4.108447047992057,0
5.522739355682083,4.409187448255705,1
4.311323830506193,4.502161239781306,1
4.835822966738098,4.157495002336502,0
4.380059977043298,4.720659786954211,1
4.752270204121639,4.348026172374467,1
5.462679716255026,4.275265388765141,0
5.4338956511400776,4.368694558118034,1
5.202780144638413,4.945032578573615,0
5.134150484953175,5.014050968845445,0
5.536255012324559,4.772872361717963,1
4.352507251926206,5.011068053117794,0
4.5804231380064016,4.577898002245129,1
5.429037157191581,4.502745223709792,1
4.859752723589747,5.022729241012862,0
4.380520810765056,4.200251891526319,0
4.576462342395963,4.152393155876829,0
5.255496993749399,4.11622350921715,0
4.697509611460471,4.702814679461922,1
5.218176343902931,4.706115840545962,1
5.005848663388617,4.894905953912648,0
5.579802708253956,4.1602881837047985,0
4.863555387010557,4.2091324393060825,0
5.255419725670617,5.0345351854754385,0
5.210191263272377,4.476506989591874,1
4.641736928925346,4.259930355789995,0
5.289038740742721,4.498669213934847,1
5.202977829443995,4.564273121443602,1
5.000217918620571,4.408858732086698,1
4.777973822641915,5.076971937658447,0
4.777153008902154,4.555291620986573,1
5.458006170178559,4.20622636520723,0
4.663443400961789,4.513209160145675,1
4.880539181644104,4.691782047097423,1
5.512713652449277,4.241214332426745,0
5.573979426620271,4.216922131086135,0
5.143099767068649,4.800359183595422,0
5.320224321769212,4.687493263557013,1
5.079298377666239,4.285984692138735,1
4.606374228291978,4.286053427784768,0
5.556933596189958,4.355287089101427,1
5.269113192682483,4.5696564732694425,1
5.331409470357079,4.699373882686102,1
5.1217862934711675,4.396644915468305,1
4.670052631379499,4.955633045247543,0
4.922234127956402,4.161611990869155,0
4.881097838626219,4.047708487448959,0
4.930061357678498,4.508537450830023,1
5.455394647649168,4.589544792865236,1
5.5680460761065875,4.926163269481013,0
4.824777697434156,4.734915001173435,1
5.614528543887635,4.9980173071735,0
4.620817361155365,4.537326355916595,1
4.165619168672488,4.13284222171041,0
4.4317379332035705,5.058647485048752,0
4.853088791739674,4.473086613151066,1
4.564010454941314,4.9642707024470525,0
4.491559849614004,4.899207494555266,0
5.906868748023738,4.387697170039662,1
5.280357138952183,4.174841798757086,0
4.767363944072979,4.279481395344467,1
5.032212652834595,4.027091068843202,0
4.470287316626454,4.873354107726387,0
5.613804024759636,4.228324895283609,0
5.693485679737189,4.85489769793715,0
4.6400318539389405,4.216203073219079,0
4.8392739347241385,4.777494074784758,0
4.964681644171334,4.5852910893767005,1
5.445903037611426,4.354306566664208,1
4.915207862946772,4.375229639368406,1
5.253723630588456,4.746853820300002,1
5.038575672568989,4.690381133598154,1
5.101901178216804,4.515823931510509,1
5.197458046516217,4.4224835593258724,1
5.581708729990261,5.053341702573734,0
5.2187409630907675,4.684558761573449,1
4.649822533502291,4.2313862226901975,0
4.06485109712892,4.411713358412858,1
5.203021710558786,4.598663939051967,1
5.458733278711101,4.893274715388204,0
5.561125420268456,4.2342330429138935,0
4.769862016853947,4.2769445495251714,0
5.079252599718015,4.2621332401270795,0
4.879116067421998,4.669948758491655,1
5.238640581889319,4.5893174131152055,1
4.735126058986067,4.242376943716229,0
5.259775631636959,4.506871691310547,1
4.9772732821922165,4.592911475307235,1
4.599170430070737,4.345014024854666,1
5.180829258966636,4.521165057207127,1
4.474503974820492,4.993578692672171,0
4.685036371698357,4.128298397452731,0
5.710208074105138,4.601672625859321,1
5.096311753502594,4.455578890957694,1
5.037581538367141,4.917823004730834,0
5.32642496747484,4.941319901436438,0
5.743975856349867,4.218359227898529,0
5.027462969320615,4.789169215906011,0
5.110873368236495,4.437956368941286,1
4.475821988492985,4.574039802053805,1
5.375265994566396,4.133722051353556,0
4.996700893808487,4.161743928175077,0
5.511709907723061,4.998727502269868,0
4.346464982704692,4.959382386592719,0
4.24296557463118,4.249322146745079,0
4.776064693303691,4.579110065596576,1
5.531698806635912,4.989078891855501,0
5.075048110018768,4.410039492604393,1
4.664661001005284,4.168214130885655,0
4.226749121157997,5.005965942289852,0
4.64967634233635,4.524336797245169,1
4.968672366589865,4.249063304416488,0
4.698661931166771,4.0667695299950894,0
5.160253355907813,4.689703345255644,1
4.2613795278702336,4.452013474123243,1
5.42014294220996,4.9052593498462365,0
5.013938621419921,4.531765484609254,1
5.202780126981927,4.817083500119867,1
4.72740045423081,4.057501408167743,0
4.39645351828342,4.455132140549379,1
5.3111994444393655,4.447330108063164,1
4.2295409717563786,4.39307683146771,1
5.143201364405577,4.440430461202734,1
4.845365101288553,4.736548491842495,1
5.000651082230638,4.1215811694548234,0
4.933639690146281,4.717666787872157,1
4.537637753945808,4.871353294494593,0
5.517183648663392,4.550328504363379,1
4.419131494238682,4.145079439730442,0
5.285182522224521,4.9371745259913755,0
5.449809471554033,4.4361386557036555,1
5.330506827873632,4.528734014543546,1
5.297392427657521,4.750511237714729,1
4.982399148284654,4.27356681209542,0
5.083994497460633,4.337578301794374,1
5.412011387383921,4.738562276696016,1
4.65559826755375,4.815491656166382,0
5.801459935909095,4.064815378085947,0
4.9782388841635,4.576879951431992,1
4.569078763971994,4.703905446112092,1
4.464508492410279,4.9680892456722345,0
5.379485754512418,4.7256598615495555,1
4.671062844170907,4.342173764212129,1
5.146066445933737,4.43841363140444,1
5.109475895188133,4.210278228097011,0
4.895583151339174,4.136823560989636,0
4.756547182524135,4.671894151863552,1
5.130551238763664,4.3752344168023285,1
4.696788804127819,4.500186173854114,1
4.941815675621797,5.02950993086193,0
4.802395479552283,4.4564335273024875,1
5.838213172317188,4.296645931021011,0
4.918227808547308,4.760458228956404,1
4.89540425817991,4.054091209401759,0
5.228353063672887,4.719336931977243,1
5.281789486524385,4.801105946151367,0
5.210993418324376,4.564228492329781,1
4.339747792600926,4.35979537044076,1
4.577017451423922,4.783670023628777,1
5.058236646504488,4.3200722576038455,1
4.305213765295337,4.7825392053336735,0
4.865324632847018,4.188432193897896,0
5.912406793883739,4.818411895514379,0
4.622131641177549,4.579680223526614,1
4.2042090792151035,4.929382711809947,0
4.546715091918435,4.776415616740138,0
4.910272256800393,4.943781510740058,0
4.969434528850485,4.371154093860047,1
5.600093481851108,4.52457545246669,1
5.2318427590802745,4.3448091256954955,1
4.489209542055878,4.340935085277319,1
5.304801290272289,4.919353068187805,0
5.82504257730014,4.156664571201691,0
4.757637303669938,4.417138570979163,1
5.212638452310054,4.452907719321935,1
5.368866026610828,4.528106305954416,1
5.493529690280038,4.265801367371259,0
4.649838214357668,4.310537565383966,1
5.15555191060581,4.755968144203931,1
4.733665723479762,4.909049288222175,0
4.843117253527518,4.444852337839365,1
5.440392008593951,4.233263018859648,0
4.633225068223589,4.325839800411764,1
5.616414996436609,4.881092132979993,0
5.105151065290705,4.258002793012051,0
5.749845936206196,4.823790443184239,0
4.780437496102431,4.590102192960332,1
4.918408327777727,4.32375967816017,1
4.70272307915073,4.3062659512213335,1
5.660031646166253,4.848281442118478,0
4.471516963506057,4.104870665682927,0
4.843212158489575,4.89592681222078,0
5.014282243102265,4.11343674213433,0
4.695340201389875,4.787087670528643,1
5.030951976176493,4.913707162178403,0
5.0883221510162,4.997154654961228,0
4.60295055686146,4.267549877630597,0
5.02514638134575,4.04415622109123,0
5.643997712409084,4.235206632191473,0
4.777150402213341,4.153832616314434,0
5.019931682197428,4.413281451980198,1
4.592610470619149,4.1254465975344425,0
4.973145494703613,4.314989570237493,1
4.615125613913916,4.597039098759441,1
4.374775654224206,4.350829805051398,1
4.28503231525233,5.0014972665464015,0
4.18982155097233,4.380702026900903,1
5.7311400021153,4.976389968407409,0
4.955668115769605,4.347250911723792,1
4.476803411418309,4.725473930508695,1
4.7225160950437886,4.234268257575383,0
4.935832985277368,4.817941708601587,0
5.744185018906328,4.805872831809469,0
5.844661559416834,4.49310796487992,1
5.974621665108426,4.538746813890397,1
4.592676832195884,4.774002348443968,1
5.261099300368314,4.088567099304276,0
5.112835462966423,4.651322753928396,1
5.1841254758852156,4.820693804520345,0
4.9826436913977235,4.259637249424802,0
4.578597403214083,4.048347703925011,0
5.408794864566067,4.474014161983982,1
5.074215952405469,4.39122668746269,1
4.8413730839251325,4.466278389188563,1
5.683689893732219,4.393617192140642,1
5.644087452187207,4.978986286997947,0
4.822055009438268,4.232533099828626,0
5.392451656400822,4.18988695880042,0
5.177734019922692,4.675625212279007,1
5.268523132817425,4.060027222166744,0
4.861821687725854,4.1175085138903595,0
5.265589101949869,4.850848474210248,0
5.604287385706718,4.994204614706547,0
4.790444800071295,4.246102369703215,0
5.134551527063266,4.693069536597578,1
5.394652840342045,4.360805579505562,1
5.2317934584738905,5.014190849889521,0
4.226817714831204,4.887534779550581,0
4.931537708372712,4.801880803472306,1
5.1646031628236635,4.267500751944204,0
5.402718575777875,4.112512358726146,0
5.187920877610939,4.454796108838817,1
4.848678613153935,4.786087316696535,1
5.597756809603192,4.962926143198859,0
5.813214205527147,4.73855488552712,1
4.968251901939573,4.728297099442047,1
4.819280326422072,4.9133351050029415,0
5.611116001452192,4.7999234956445145,1
4.329759057747863,4.880160760466573,0
4.902024329458257,4.538512602372198,1
5.541401659286211,4.73103746691729,1
4.816868303532042,4.162915477085289,0
4.700918950082309,4.80625318064965,1
4.396686827718636,4.0761034132603005,0
4.829762883732836,4.358224772792379,1
4.460313702543195,4.435565141009942,1
4.303848186162733,4.959720513658135,0
4.729399046225805,5.034481226066054,0
5.1691428345137584,4.121328625545412,0
5.153166760707357,4.6339568356358765,1
5.306318436493817,4.045242731003389,0
5.061955722028965,4.655992295295423,1
5.3186983420823,4.186254443826921,0
4.416951095142004,4.712653464898775,1
5.3112792265125846,4.8398060059758325,0
5.8567106903706705,4.357101449614776,1
4.487821208323901,4.153288209189795,0
4.320082435940863,4.11125835620494,0
5.119517429694422,4.367882580930382,1
4.571714946463459,4.999633013169531,0
4.635350862196497,4.548404878100458,1
5.0989466480197185,4.339939304790676,1
5.449510430199285,4.3771448439339915,1
5.1550516188757,4.43995631986453,1
5.851912390637612,4.077186480443429,0
5.322977497320402,4.100563871786825,0
5.23627330514158,4.901097158340469,0
5.049415164268503,4.40493597109259,1
4.958363053080325,4.469933417888384,1
5.2856148818565805,4.463869284358705,1
4.295757869053611,4.7675470488076135,1
4.756822413931884,4.493759970722838,1
4.956732581695683,4.588139407935571,1
4.427441698131107,4.0402273274674165,0
4.505248709624677,4.343352301093617,1
4.671318424436867,5.043312954250736,0
5.439847306730356,4.93596282951637,0
4.6435419677100365,5.029030508608641,0
4.084135840047884,4.794430696728589,0
5.253036445882638,4.781406440170873,0
4.929608743067525,4.156598337925712,0
5.255239560759114,4.167158508664334,0
4.447512967793554,4.167330894484729,0
4.756236706441499,4.826073988405031,0
5.37962866097933,4.934793410392625,0
4.762829472288357,4.486087356086163,1
5.480437193050778,4.186547955711997,0
4.807934232198251,4.422176181175219,1
5.805013764804598,4.5531514529284625,1
5.562601567959296,4.951191106039792,0
4.956573815279301,4.1545443821989325,0
4.8124632987957225,4.167306081415368,0
4.984954663589269,4.756754573825508,0
5.125948268610266,4.379969228767944,1
5.011763581157629,4.806970450326196,1
5.523410764118164,4.301688967490233,0
5.64568986510822,4.415291333012312,1
4.2086729893186305,4.5780806677049215,1
4.268166645295778,4.9442828255446285,0
4.715327837023491,4.137098782232898,0
4.777924871099632,4.310662562156817,1
5.172017510932599,4.32276228641935,0
5.142719027774362,4.395169051165022,1
5.003227039577905,4.831586302575334,0
4.566547807839104,4.916219536223832,0
5.862787516282209,4.701612547256063,1
4.492672043587018,4.731281888964373,1
4.801984888417974,4.19540982929373,0
5.65878549474504,4.899646930167773,0
5.004189251674946,4.740731784466045,1
4.172204368248786,4.932850968181194,0
4.121795321078796,4.0077631517910195,0
4.605089729330325,4.638371880271662,1
5.38945885465029,4.461709544052953,1
4.976585882300093,4.790045224536026,1
4.487666035797188,4.825105869587026,0
4.990193074783033,4.284687543039073,1
4.412480696213782,4.305348280128132,1
4.326993906825664,4.763006181501245,1
5.1874235776421935,4.512257670756943,1
5.764955767782538,4.41962026980741,1
4.759441492585542,4.141694605581226,0
5.015195331922783,4.990315949387735,0
5.43650040220404,4.887263789955009,0
4.3369298102679155,4.538100796901005,1
5.628959180636668,4.095889789656692,0
4.913757369211774,4.538521239294279,1
4.963264177429587,4.38646214344547,1
4.992017919731264,4.5314370717922765,1
5.484689967066499,4.461687579606064,1
5.883740898836386,4.030839769244469,0
5.281331451188262,4.5838955852275065,1
5.295701214389763,4.221455763453712,0
5.585415194809375,4.250997938649832,0
4.723135347436064,5.06005148908259,0
5.358454085413446,5.005749983287083,0
4.8991049047746,4.765260660627599,0
5.147665696299776,4.13249433993879,0
5.227438851092069,4.582665889971947,1
5.515846052175728,4.638644069160564,1
4.401910742503745,4.50480794114763,1
4.501277560155337,4.066876343733683,0
5.573665860644824,4.454271518843668,1
5.049856201124826,4.576707713833016,1
4.918427455857309,4.707745715558267,1
5.057989603975511,4.737069165912579,1
5.313423901810056,4.797314771479172,0
4.078636573364602,4.234425923705836,0
4.084773582006704,4.258427038533864,0
5.118290981583341,4.77583395771877,0
5.575510038961006,4.526147287362557,1
4.791492851822225,4.707792101273792,1
4.317734298192521,4.170209910663743,0
5.349084570921511,4.878999132291897,0
4.977677840674388,4.367366476426121,1
4.590855757938921,4.294647751291984,0
4.868063729627246,4.757971584969631,1
4.6374335934330855,4.173624117187028,0
5.037654737848676,4.097214934697726,0
4.904147895551986,4.084714891506455,0
5.198417354008202,4.905353209153695,0
4.660953509395194,4.387648722078543,1
5.519824756877972,4.882022304363639,0
4.382176616574899,4.143962100796461,0
5.657363761901874,4.5543944622282515,1
4.619337778915751,4.8085246333626674,0
5.11736181014561,4.645457178810479,1
4.7579347313581914,4.528792046199685,1
4.603284436656988,4.994136172519361,0
5.362298618251896,5.037862650688298,0
5.600799658161121,4.332646942494476,1
5.448973952921928,4.1645221729850315,0
4.718100046325646,4.267298556443889,0
4.9513062103182754,4.902732857873346,0
4.3775819707208115,4.173534245379859,0
5.170015036230464,4.3193955340940775,1
5.2039181452003,4.240684852275459,0
5.708768268699449,4.1625646163658425,0
5.1165889978141665,4.308366467030728,0
4.503545357210405,4.791151924091932,1
4.680661589288219,4.65894587166649,1
4.822376291411329,4.150809925540758,0
5.261771047157097,4.188275685021746,0
4.1719910298871845,4.151350536174316,0
5.773658850796965,4.48578552093076,1
5.028413183673896,4.245390435039602,0
5.370542845390668,4.619254810995561,1
5.070422505631714,4.636028296731749,1
4.240467089792462,4.107435247871916,0
4.11278207406103,4.241447688083966,0
5.231888187582153,5.010145875533442,0
5.1640507096679285,4.956547136986992,0
5.03593277774514,4.998153441153563,0
5.200747939757319,4.17598697060086,0
5.778082056418541,4.092379251607329,0
4.860630872122126,4.6658518147471275,1
4.7732074239407725,4.371075943417827,1
4.829260235733357,4.576672103349371,1
4.708974864507124,4.450928941547506,1
4.544806154184027,4.160258536276712,0
5.606124807815658,4.627226949407235,1
5.135104382737767,4.38049045456394,1
4.928714330045965,4.158018604283759,0
5.461286781018051,4.29081946962974,1
5.038222213842137,4.434159464757621,1
5.929782825348504,4.860766455656464,0
4.305145275072271,4.842276420574498,0
5.4345018832728025,5.014648835554188,0
4.372233124671819,4.840370765812597,0
5.8135892240923805,4.217363819329695,0
4.672647242396134,4.622873101559075,1
4.960444124357387,4.848728662049763,0
4.5593696391243155,4.673855723552497,1
5.563136262076314,4.554164614538264,1
4.10511697188952,4.3082961453551185,1
5.072402840680664,4.111648599651222,0
5.155299658996462,4.389332339683491,1
4.834663330970356,4.265041876945804,0
5.454691318483919,4.926504423126585,0
4.358511696469686,4.762997326593697,1
4.425565374431844,4.562053548415698,1
4.732550801977212,4.560813819980567,1
4.976190438854584,4.320739222047781,0
4.702874054842258,4.075270110038358,0
4.343002849928803,5.041606554198065,0
4.654021440800623,4.722096803429132,1
5.474719438928435,4.303215865494609,1
5.469763943761918,4.813771171921522,1
5.132070461010919,4.905178477619265,0
5.362270528279213,4.451568907776959,1
5.15919890190683,4.7229530796735855,1
4.646998927856442,4.269422175446971,0
5.0315199356506595,4.742274190217654,1
4.877174074763009,5.041402263324765,0
4.618038765517526,4.431367853297933,1
4.889883384061782,4.543863240011432,1
5.439589334688541,4.834903828247519,0
5.205515160078212,4.50737009859202,1
4.611299987865001,4.07793275435378,0
4.814979048692514,4.184689548168525,0
4.468340077860016,4.222760535484317,0
5.430377972507383,4.113876456023857,0
4.626653600729666,4.469585057693778,1
5.778233631129758,4.148430492659686,0
5.044380359696354,4.649052308576749,1
5.284897975751846,4.405749539236048,1
4.697567204543348,4.593470666155847,1
5.04679834628165,4.98985431093507,0
5.819942258684051,4.402518049304612,1
5.663676137341404,4.969338442732856,0
4.949369904319321,4.460544703791616,1
4.504432715172767,5.02750530692853,0
5.042052467258265,4.778912479580908,1
4.693342343590223,4.930110506869287,0
4.543107771066537,4.275554055016769,1
4.486424791400427,4.445456252169481,1
5.090127514786443,4.072162789698745,0
5.117620709202489,4.120223275579942,0
5.086531776070836,4.573737133094272,1
4.884218910103363,4.441253071753472,1
4.590613961720045,4.84759694681071,0
5.529376888275059,4.063652167751717,0
5.3233004357342875,4.924335035623199,0
4.547024348080443,4.434559177679935,1
4.948857959242786,4.47492099665226,1
5.599370045318749,4.982614887309355,0
4.592123812299366,4.568823263058002,1
4.4947715258152865,4.553130623254625,1
5.83465623294343,4.980192887299857,0
5.758420993525974,4.95344989927399,0
4.752400669591864,4.260240708781829,1
5.403067353362527,4.7420127036864415,1
4.761651084722151,4.506763300486479,1
5.120304677788038,4.242924042279825,0
4.809885937414428,4.720827136706075,1
5.239828149491148,4.968555820937789,0
4.9399356267238135,4.315364399662287,1
4.643168644453913,4.493972357130242,1
5.548310772398079,4.370668712173053,1
4.326728385298722,4.1731632047414795,0
5.285047214400011,4.79219089913395,1
4.278830873873043,4.580112019777933,1
5.060094463152441,4.278358777887999,0
5.508005146367485,4.078620809826532,0
4.712327219410219,4.685786475701488,1
4.412801428684956,4.865685300647436,0
4.865949986356885,4.135769692171831,0
5.12839454818634,4.764143191849927,1
5.670730559496914,4.08322822478993,0
5.001198800198493,4.3830118238959646,1
5.424348814963489,4.7792235053727055,1
4.526560081799614,4.356856184783269,1
4.17725547557206,4.50208269744726,1
4.612958947202479,4.867925351555662,0
4.814572854713565,4.340307900004751,1
4.473467039651939,4.14499660501758,0
5.544607514221456,4.343772658396655,1
4.432481432956984,4.2232063673003974,0
5.046008650267785,4.903145472997272,0
4.490224669323324,4.758263436810987,1
4.6614873062502875,4.204227558706558,0
5.405078079766497,4.40216649771056,1
4.505617866663487,4.874664204772901,0
5.051674604999283,4.875127460069266,0
5.236051869760729,4.153690294209071,0
5.73297335731204,4.480935252386249,1
4.815659585612169,4.498561755736073,1
4.755902070818507,4.957852198817125,0
4.88337089658234,4.422718610185343,1
5.173317292361243,4.710787464900803,1
4.438373300915957,4.788570067135575,1
5.599905347951789,4.1122801095165435,0
5.119221350140514,4.123414912095584,0
5.650001032763106,4.1401284446435005,0
5.241653965955635,4.447356333863377,1
5.2655549535995565,4.901271306986577,0
5.123796560943544,4.446623291957247,1
5.192360020134999,4.80765742713101,0
5.067857898222867,4.764041781550583,1
5.155356713356669,4.1776589627198915,0
5.240638506697711,4.8818963452622235,0
4.612890529195516,4.142707405676137,0
5.141752194262822,4.184887262967721,0
5.002399087080716,4.929420513001757,0
4.840137130207863,4.657339060510297,1
4.9381050264111055,4.233998728589038,0
4.926288438856378,4.682772625959588,1
5.248173067386724,5.008570673864587,0
4.376631772132895,4.9809639676427375,0
4.461344341454447,5.034559212157943,0
4.812392567642959,4.503205201734659,1
5.0810654604091745,4.09880973648447,0
5.3644773806474975,4.914593494788093,0
4.415421939661613,4.287069625504047,0
4.60067862233763,4.630503206132322,1
5.1232937032480095,4.1171218359119734,0
5.087821208998199,4.453325071440112,1
5.011252075790189,4.792325113223776,1
5.305669048466747,4.738585403038587,1
4.638002577119064,4.175764186723046,0
4.541534044879233,4.618200969231635,1
4.828457141590756,4.022419122585906,0
4.444972903505654,4.6638660633596505,1
4.7623187227977795,5.032373673037954,0
5.382993897935775,4.896561213134353,0
4.365164335771468,4.876119481004628,0
5.170895275548071,4.417391215395158,1
4.549780486443986,4.844414034605531,0
5.02863128756326,4.478538000409162,1
4.632018384449815,4.265173095956834,1
4.806638660389607,4.471614760022067,1
5.355315584078501,4.582671858708819,1
4.528323871573546,4.867316638104174,0
4.721492999490487,4.830392554601483,1
5.3920944490881695,5.026863758781707,0
5.024791464877282,4.188602698792531,0
5.733995680019567,4.884034207365108,0
4.959619843870671,4.4775923668729956,1
5.4715865200447205,4.9251542413011276,0
5.326851453892786,4.630099968629322,1
5.764802950953978,4.966543569753619,0
5.039257500266565,5.044380059694609,0
5.3585953227099425,4.294988058376528,1
4.592928122110341,4.779571675927565,1
5.332130906873551,4.094190857947918,0
4.719828314975424,4.946154833662594,0
4.4502350857936985,4.157969050069089,0
4.609847090530897,4.638212033314675,1
5.177228307634838,4.640400746566237,1
5.572934273613789,4.157966335796232,0
4.55798459856415,4.590863708799937,1
4.522239995947515,4.411439651124295,1
4.611187520621552,4.078900212284838,0
5.071813637530255,4.139852324439563,0
5.1094249401153355,4.968155477824214,0
4.934405379578825,4.886767377900668,0
5.7369114988137095,4.43755453315571,1
5.6345703380145435,5.013310784986028,0
5.557630777078425,4.501222530773554,1
5.3114740768969355,4.521984747051836,1
5.265154378780397,4.7004275719065545,1
5.230627928247357,4.2617088376257,0
4.760245598505676,4.151624968477683,0
5.206158055955192,4.883940710790946,0
4.3195626319932385,4.328367209123993,0
5.015308864670856,4.584359343342018,1
5.274409994740703,4.8783011023581215,0
4.4913063012548085,4.358530895350764,1
4.242673036577598,5.069312819998281,0
4.849588186041161,4.869748711649871,0
4.859024400032545,4.831121625523374,0
4.4635534883319545,4.235820559378336,0
5.366605525692321,4.830361654377722,0
4.316693996771576,4.914395603559763,0
5.58496136873409,4.09220357251383,0
4.977730429755502,4.257482363037276,0
4.655221009455175,4.870088601606221,0
5.151085982222717,4.729327978588197,1
4.363182372050613,4.944397390597053,0
5.909131347121373,4.821181928446789,0
4.801215576723381,4.431181358452098,1
4.995737101845463,4.169295539968681,0
5.226222935421942,4.634403497518766,1
5.8257165098459645,4.684029861858822,1
4.907097748981162,4.871075957672687,0
4.37415732987333,4.555240775575729,1
5.4172546383276945,5.04912542071566,0
5.065161636947767,4.762849569521933,0
4.79606594423771,4.152907367451126,0
5.648294320268543,4.284700197743493,0
4.901024999414417,4.8641732869867855,0
4.844055384870149,4.515513373708916,1
4.65138030438684,4.923804454019875,0
5.13661964105337,4.948194547315189,0
5.201970011556977,4.878004993802688,0
4.317727815714239,4.5981738986745,1
5.333831600267485,4.6985793038463015,1
4.4418452905505355,4.798252945532776,0
4.730297854911284,4.469159470688632,1
4.294327188222188,4.423879895745151,1
4.479631810390936,4.631168061313617,1
5.580520155179488,4.184792523609448,0
5.620210765748026,4.843001452685575,0
4.590380916635657,4.552530454907423,1
4.659268444137615,4.2140136516086475,0
5.185696187909927,4.171537834329665,0
5.7659838724755925,4.1537826005539245,0
5.402709479492039,4.087376607681902,0
5.2447341484680425,4.2603004778279825,0
5.088677676665073,4.897522672725618,0
4.943627889532096,4.103476512677599,0
5.4533775202330546,4.16309825378064,0
5.079072322126488,4.080095753596238,0
4.057823712566299,4.051811206755449,0
5.146824295661702,4.948080186688049,0
4.53948287412192,4.859199017471983,0
5.116976006634978,4.204440944342607,0
4.930495730521698,4.51366915648824,1
4.662137904843141,4.355617189107399,1
4.636535144757355,4.356226259934832,1
4.65424782684495,4.2229943292357985,0
4.82893990745292,4.503392182955267,1
4.404437843555596,4.790215524307398,1
4.832966153349523,4.34147824043093,1
4.9049759190772395,4.7934737738130515,1
4.469207943881287,4.93322031069667,0
5.096694478704503,4.942751534349609,0
5.626351105065384,4.7911578303010725,0
4.800726818303039,4.394161972415192,1
5.4910588537126594,4.108250946207383,0
4.901750506251959,4.966132600821378,0
5.4009281476577184,4.638237126445601,1
5.6816176348495375,4.62360950030368,1
5.226035417436736,4.816920884839965,0
4.764828194219289,4.163618083168175,0
4.434154295526305,4.7967463142622435,1
4.952454401364547,4.88715032893638,0
4.506397273679387,4.013141375939053,0
4.442359876650945,5.0020943356784615,0
4.997386665874549,4.41013157915204,1
5.624222714670473,4.886325920707624,0
5.271078886122231,4.997666557367271,0
4.864499436010604,4.376314636039222,1
5.10471770756785,4.855734565817989,0
5.315065936016275,4.165571862015647,0
5.150407904003277,4.138902222182444,0
4.267402635957657,4.585453307718686,1
5.099710040549521,4.084173162990636,0
5.018126296561734,4.111789006519052,0
5.477714751570201,4.718954560845971,1
5.174680457026417,4.045242032237157,0
5.208900742789584,4.481196800569755,1
5.663946904388612,4.853192635957957,0
4.686207371727416,4.908064950956353,0
5.636408327409229,4.386035911673229,1
4.674034579707888,4.663290851696513,1
5.267765189993273,4.444810233951435,1
4.9684197056580635,4.559729868378387,1
4.485837145481764,4.287551308458308,1
5.0822872588571775,4.585400781609089,1
4.985260881775866,4.940902926489602,0
5.038484084158213,4.617726494902533,1
4.827300537696172,4.130738308788176,0
4.697627829409524,4.119133242173194,0
4.525116201477147,4.3779551415293225,1
5.294913022361138,5.009012903692509,0
4.885570260342319,4.752280221821279,1
5.016439253019928,4.1209516796375665,0
5.614161345176999,4.671630201743308,1
5.754643904317764,4.532705118255869,1
4.675146094790024,4.294767948834051,1
4.80012793991063,4.388765238934312,1
5.613965149823011,4.483760498570229,1
4.35213375428233,5.016659150823552,0
5.288675885838517,4.452563773346253,1
4.910941183799874,4.919607160738595,0
4.570332454757621,5.028998968775946,0
4.299069291214099,4.2902764352120855,1
5.031490017828383,4.559180183067524,1
5.373568274526849,4.623354426739914,1
4.722058058825236,4.284083672059158,1
5.03806229689875,4.889126215541439,0
4.961533873116447,4.93244214568316,0
5.423284053240062,5.085651922027502,0
5.1040395062685,4.101689476565952,0
4.80267831074634,4.633849936280401,1
4.948686466422335,4.801798687742404,1
5.309454965734921,4.244331575004363,0
4.98903738184842,4.96053064776326,0
4.348917790708532,4.212447179043605,0
5.114191178080578,4.1631690843107325,0
4.326100011490754,4.985467997572038,0
4.641150757901754,4.63182495884646,1
4.699367635411715,4.107386322923122,0
4.918697176006868,4.921911782831768,0
4.494427623067937,5.042837796167381,0
4.334805785247109,4.918523095336297,0
5.360037849944549,4.442957917596741,1
4.463646328552367,4.956486617127217,0
4.45904415641121,4.418990717843366,1
4.299208934646144,5.030637696778134,0
4.858891366291299,4.612057654561693,1
4.897955522467271,4.588103599720324,1
5.5751465883994005,4.85240820023539,0
4.920580158735734,4.279033448831682,0
4.274867526374148,4.717292308619045,1
4.533607476500381,4.305027231526849,0
4.649521335117196,4.110897785366539,0
5.524272750782691,4.840414659282618,0
4.190483970860104,4.72020345496157,1
5.665573966023247,4.1001741569500005,0
4.510305303541531,4.713843740952083,1
5.026037378986642,4.744659901892482,1
5.3520902961505,4.774833071238388,1
5.317742590176565,4.1725617283745855,0
4.98573335869191,4.162511565246417,0
4.848863614423104,4.267182630358318,0
5.098583946141081,4.108736031886502,0
4.964705978590148,4.72406074580485,1
4.629454145599631,4.437535872777334,1
5.236634969435309,4.3058910944638065,1
4.891490553766442,4.21706525127169,0
5.4341462422938624,4.2548010199904285,0
5.850224411910383,4.250897007826513,0
5.018649990825013,4.273888278689933,1
4.738388414320309,4.170142317041879,0
5.036220150983627,5.011831714855842,0
5.060097103827027,4.351785004202787,1
4.916404460516098,4.150563444938796,0
4.449867954405454,4.46758211604397,1
5.038853717908961,4.585406294890308,1
4.862501232144631,4.856450046150515,0
4.546265817684393,4.402597951119687,1
4.975871193105736,4.881912112514532,0
5.624209150447227,5.043991643142837,0
5.8146029714564715,4.274682693827327,0
5.07139900070281,4.491035315444608,1
4.982662291959063,4.4465265258134075,1
4.95613490712834,5.004595092902204,0
4.984717624032713,4.687455468444701,1
5.1415781890302945,4.8960791157349774,0
4.773385453878291,4.935351868264768,0
5.383264735364389,4.144953879501023,0
5.1228940549140765,4.556381103538444,1
4.217358425332183,4.784568010879578,1
5.324262733408212,4.099344191981266,0
4.841904076573741,4.77661920576054,0
5.02114983323657,4.674388708605019,1
4.477178887177942,4.595924891286652,1
5.175435461374964,4.466465524420812,1
5.403726562395366,4.039493199079164,0
5.033995229961938,5.026907023720313,0
4.989272589523047,5.029542893868737,0
4.8160844676017245,4.705220295788326,1
5.285927312253697,4.4540643903631105,1
5.338301840742555,4.269602057223668,1
5.139019828580925,4.161824305565366,0
4.793564369563113,4.341449888762709,1
5.834180849658184,4.975337922942821,0
5.144233812331626,4.3833824302141835,1
4.662213327493415,4.494777936322114,1
4.589445179837667,4.629583512577211,1
4.541812978562132,4.638884396934639,1
4.713619803444523,4.611174433018483,1
5.210946581453467,4.28869732767656,0
5.375432117305968,4.87662682229618,0
4.780844782755114,4.093448671174353,0
4.741206199832991,4.681104327970062,1
4.454673162599522,4.468313779830248,1
5.076322076352876,4.4528182227456234,1
4.387754365023075,4.818272499544415,0
4.891677329505989,4.188592923908695,0
5.5435703329514165,4.560190163377365,1
4.096345905480777,4.781207025387536,1
5.2219064242577415,4.535431908937123,1
4.8195231060571695,4.529784392898879,1
4.3002552365153335,4.638872640636589,1
4.953303324514498,4.62866317070672,1
4.770464798175386,4.719907369334854,1
5.117759418703898,4.882019980679801,0
5.281722521763588,4.407316764948293,1
4.583327916739112,4.97731394726063,0
4.517488370463071,4.448390150116764,1
4.435110506623474,4.175849263236288,0
5.278506374818824,4.302906683388238,0
4.978118289553312,5.014980103899028,0
4.610201599906764,4.103784240418383,0
4.386295729822992,4.261767611471417,0
5.030126889448731,4.173526699922326,0
4.5957955468167695,4.6537161516350105,1
4.8560058577640755,4.303499082184848,0
4.753623648179164,4.664570657048404,1
5.192966728089532,4.314576469696965,0
4.678480380210111,4.394365026589816,1
5.76903203272976,4.369513954327643,1
5.9045850431918065,5.013920242642545,0
5.086807259008641,4.202215025836929,0
5.287085071036626,4.304573147510831,1
4.548058304639223,4.195073445947124,0
5.41591592799584,4.815951601217137,1
5.262010366432262,4.983921013820917,0
4.3010376701247255,4.540994675145688,1
5.079759091639781,4.733839042207947,1
5.187594874541541,4.238952291288552,0
4.16318176231892,4.6310359777070955,1
5.642107173318227,4.944729354378711,0
5.307984352547022,4.504092616249866,1
4.9459326091215585,4.034276067562455,0
4.9243796053613975,4.225287372412166,0
4.8685113316637585,4.307877173611265,1
5.257191662781045,4.302091595414222,1
4.607101199223236,4.094154188011107,0
4.460663249964443,4.394029778675437,1
5.253520515500296,4.627073095382967,1
4.8235853420965835,4.60657854212197,1
4.473213479705445,4.702438798202427,1
5.2202114949321725,4.50956221765542,1
5.420406989845826,4.175577862002446,0
4.980628462467711,4.965772954923542,0
4.8123910944328046,4.822688748578462,1
4.4791634893010155,4.417623738063832,1
4.806440839887013,4.1955841828212055,0
5.53272989447772,4.317530227817201,0
5.316374755795,4.82601983274696,1
4.981161348676271,4.060588503294816,0
4.763875875845139,4.642217667720087,1
4.194287328459911,4.252774178230547,0
4.551565294001719,4.79731655793971,0
5.200083219894319,5.0823324917649435,0
5.024226273257869,4.1910187301801,0
5.178240080358095,4.6835828601464975,1
4.639099973792074,4.607395572730183,1
5.528530671844969,4.820721583154691,0
4.388482275172977,4.336397490583566,1
4.418975535425224,4.65043257547587,1
4.661938713485726,4.1489265913509135,0
4.3969377946268935,4.649225539973594,1
5.105113928677495,4.564946645077108,1
5.418118932466832,4.482522001214954,1
5.11237030160592,5.026690425050795,0
5.532928959513428,4.72322593595609,1
4.765262047129272,4.352515326829906,1
5.302517860477779,4.959833280303939,0
5.201778437547017,4.486484415209153,1
4.912078357344914,4.867416832198719,0
4.9620804425524145,4.7903685310632,0
4.165767562329462,4.433691000804163,1
5.80309211647591,4.573214184693129,1
4.671498064588673,4.547477234531637,1
4.655612035001463,4.9819073486779,0
5.021099339419123,4.101100309820948,0
5.203551115041557,4.779070735716091,0
5.004769489862821,4.90626663928709,0
5.323887122265568,5.030830603917795,0
4.713711027205469,5.049514629380845,0
4.754629670876675,4.656902378040025,1
5.433120434714993,4.158403615851552,0
4.994543161068903,4.193409581418711,0
4.815425126659774,4.556338115273818,1
5.051793330572022,4.742235804228551,1
5.033987725780811,4.229030232618507,0
5.172237597297056,4.2649484737915575,0
5.138828417180446,4.155549429900081,0
4.21798501826445,4.179793095954808,0
5.005146871476066,4.873573405688686,0
5.416618282401803,4.456651514855758,1
5.684542654427816,4.914960545907958,0
5.103439645792936,4.891813556608676,0
4.958493779638661,5.048441450594009,0
4.368981324014167,4.730077414681378,1
4.648303569400818,4.70252842288172,1
4.5774975988515845,4.853421055129188,0
4.890395176681872,4.112517118048347,0
5.229273434896777,4.825985903748305,0
5.7247505130871845,4.7598362389450335,1
4.7349725268701555,4.50452711211531,1
5.086100194681195,4.331030673351111,0
4.401447383495896,4.091962400044409,0
5.246001781484807,4.461844688439078,1
5.213702948571266,4.799486748640337,0
5.301351669410572,4.672159141493627,1
4.903711849361296,5.028842328813772,0
4.603664849835806,4.61768665609008,1
4.823860576996164,4.573347681594702,1
4.354857496587153,4.802781647237082,0
5.560633116920812,4.178588052851924,0
4.9238704761867655,4.2854440723032,1
4.48560552971149,4.4418735335435855,1
4.485421737108063,4.327763228061743,0
4.919252578920494,4.266076117828115,0
5.262520080191862,4.597241577161982,1
5.811365602511053,4.555175573605271,1
5.113992104155322,4.821730547234237,0
5.377669961408374,4.777527669961849,0
4.8918077080411075,4.402044407224854,1
4.8473276281112945,4.817791882390559,0
4.958186147728356,4.350155726551123,1
4.610844870261586,4.659701548956848,1
4.871266717693535,4.215826412536346,0
5.473989775325154,4.235409131584974,0
5.402908971762268,4.277247362212639,0
5.120417079031232,4.795982256162792,0
5.300037020920712,4.4160257174444855,1
5.019978475775435,4.937295018137936,0
5.437130691450157,4.138949417067787,0
5.5559229218021535,5.0393674055540085,0
5.084260000285942,4.773947959422162,0
5.179421157456813,4.344614932402747,1
4.597420384093415,4.118120712199658,0
5.403978725760459,4.775674917639419,1
4.539238594813419,4.471993407118908,1
4.900173269565481,4.97941954489063,0
4.795185495526294,4.077817531288664,0
4.974423263912067,4.482434681631622,1
5.174261742227439,4.953925419535708,0
5.132450260555656,4.719591138986489,1
4.75598761664149,4.3972488560136505,1
4.033742332542893,4.648090323882559,1
4.903248094732196,4.875481813949289,0
4.376484160614352,4.474005513007077,1
5.06728703675928,4.417814696164176,1
5.325770016175564,4.596210083973665,1
5.773966103274661,4.48404520788392,1
5.349005448883044,4.913599787932611,0
5.295071819822655,4.1594860929556035,0
4.3176193849950835,4.7020566823291166,1
4.86000686106928,4.0863302166403175,0
4.684786221918114,4.347361076357843,1
4.869089453436889,5.038296714621355,0
4.475621779981505,4.042441671075627,0
4.68401989474472,4.1455148663735715,0
4.457149812652945,4.227125318795493,0
4.938481938494065,5.018690018412251,0
5.082105719153154,4.561769262386261,1
4.871505676093721,4.647479276099727,1
5.395176720985618,4.04972551225215,0
4.762658652465694,4.382058428211827,1
5.037570718980058,5.0414979940384965,0
5.418197495159309,4.763026136414393,0
5.619527079118858,4.123991387307646,0
4.614410770573366,4.811705986695367,0
4.859897566654391,4.178864646962006,0
5.748797759122752,4.447199565505822,1
4.693489636886926,4.986869122020389,0
4.746481757798905,4.565692553625151,1
4.669127532022712,4.046558406117053,0
5.148414036799366,5.042389115978012,0
5.48611966419117,4.832914430229305,0
5.071694362731556,4.114902148916924,0
5.798626081806799,4.410441906681046,1
5.0767256120241715,4.543744119150347,1
5.451909220129481,4.740480208341136,1
4.828913348611984,4.82054428440098,0
4.642984698267732,4.861380386346781,0
5.158335979086033,4.089532434519344,0
4.916150120402762,4.171681909043804,0
5.559280731917671,4.052368479340169,0
5.638263328281798,4.32817585371885,0
4.393820574711365,4.931911299735383,0
5.180964981625836,4.081618283199821,0
4.961842287444311,4.23759081466348,0
5.130776537360308,4.2443934800626755,0
5.27091241149677,4.153407130266248,0
5.357511290129253,4.660960665594299,1
4.6917815919844506,4.580582772603997,1
5.680093320846177,4.695796336000805,1
5.4058696018962396,4.347707248704881,1
4.7631129615793455,5.04444914215314,0
4.845894578600306,4.320839853572889,1
4.608934093882601,4.586834205369328,1
5.421855705812693,4.147365530436185,0
4.972644716339832,4.753553047063649,1
4.688306026079468,4.211908072860748,0
4.898287892704795,4.588641982001573,1
4.618362753305463,4.879830395303468,0
4.313999320133006,4.385228784577938,1
5.48040653067581,4.729203374007355,1
5.291793691548596,4.793305994729371,0
5.06712949610178,4.291469456528009,1
5.282091302056643,4.73489582011593,1
4.776029202748701,5.039278650014177,0
5.092392855085485,4.5963178357783505,1
5.142710278590722,5.012193440786483,0
5.463822775320429,4.29049924538721,0
4.769744340971172,4.281154865365079,0
4.363033029367286,4.484535018698401,1
5.270374971613054,4.510608578749976,1
4.680110846971447,4.84769783557547,0
4.363335003424302,4.080733267415122,0
5.361981601856336,4.810234282966338,0
5.043773560534309,4.839916661775778,0
4.568941349971381,4.4143516694795535,1
5.5311670615864665,4.740537178514063,1
5.238552816722008,4.259673299615566,1
4.698400950478191,4.397572625808852,1
5.101475332662121,4.770581941785739,1
5.537911263300103,4.451977135791206,1
4.71606312165361,4.938266002352409,0
4.725526410120827,4.549079990680025,1
4.6972799625365,4.561831072741055,1
4.832274694970047,4.891437863917253,0
5.058882725239828,4.414733909035405,1
5.3524659603029345,4.1733026123631864,0
5.344073052719027,4.250517769190973,0
4.864739945155634,4.948259725055652,0
5.286826857619032,4.425432027772268,1
5.277806734076795,4.7965273922349905,0
5.20377348258483,4.092484928776781,0
5.008918448974536,4.326975813152383,0
5.149907838962114,4.300454235050385,0
5.00356859213143,4.476516607196024,1
4.950442086637444,4.880658970524855,0
4.2996836565358585,4.984861433920312,0
4.389140967316169,4.962604275341228,0
4.83569265296204,4.45319636303581,1
4.8099953160181474,4.232295654713757,0
5.458160022286166,4.154320232163408,0
4.584198423346518,4.678816933996669,1
5.182836627914673,4.087441251496911,0
5.0813343305475565,4.557465416449767,1
4.362486421444019,4.5082251203921695,1
4.555070056287527,4.055399739735455,0
5.708983877880987,4.616445787960361,1
5.19223880255322,4.8276055336152845,0
5.127781129954002,4.697453510144392,1
4.950860835532155,4.106536813107212,0
4.401681718503442,4.456337611048195,1
4.815639285085202,4.157978472642225,0
4.630871810455429,4.025280730503164,0
5.8741211311193755,4.918117672265077,0
4.337857039334321,4.343757928826536,1
5.124562533993364,4.3764301593723625,1
5.365793199279027,4.833236092715295,0
5.001115930307231,4.493806465385398,1
4.724991941036048,4.036396284014835,0
5.46856283866688,4.0726086387412455,0
4.092715804411273,4.746169545607204,1
5.681824163958286,4.104576466256499,0
5.177555748411016,4.096725644223726,0
5.241743113175896,4.664145122467634,1
5.782529039098067,4.490805414469616,1
5.097953106993953,4.442461651269927,1
5.366362105330179,4.094067015449737,0
5.163775572783225,4.344553499278719,1
5.536834267682177,4.866832380605165,0
5.39221288505167,4.149447947191904,0
4.885953920242806,4.329490436083489,1
4.929424418876395,4.205275587686722,0
4.971787815174668,4.682241794101709,1
5.254338792499759,5.011370746949495,0
5.076156783453173,4.246310922835647,0
4.972337495955173,4.469162496362024,1
5.9433136445543795,4.189139773205569,0
5.057440660148811,4.813903645466704,0
4.857690256134598,4.161630669145092,0
4.664401076868756,4.850682048882297,0
4.65511875471196,4.145337168075725,0
4.905685581530471,4.872551263704979,0
4.396919109240157,4.399214015700333,1
5.309200067808351,4.651156376304071,1
4.409786932403875,4.968938036208636,0
5.241463056024582,4.121577521075798,0
4.7803283861319485,4.7174614245190885,1
4.848726281923898,4.198645487102788,0
4.608762328928437,4.270667903597363,1
5.329202031246983,4.784304491509076,0
4.276592791589444,4.693843620749108,1
4.892250339475122,4.192054825741987,0
5.231394599541673,4.169798548031016,0
5.15667420248535,4.782636300126689,1
5.222545336548806,4.367528224420487,1
4.961494545417509,4.32018091588062,1
5.72259019003123,4.568474339074385,1
5.266228562023828,4.400417537334442,1
5.239962873796551,5.0120835782361794,0
4.844737050786759,4.233203330629351,0
5.561382213278597,4.620273252541822,1
5.1337338537738635,4.433380807639136,1
5.1584573324627545,4.605814440791387,1
4.539596596361602,4.889287260760929,0
4.88179904639539,4.059263113251187,0
4.977676151093375,4.763839335140957,1
5.1395173330812725,4.944504360085719,0
4.7765735357163965,4.415730280306839,1
5.0912530162497065,4.970564166246918,0
5.781862955988572,4.905079055623124,0
5.187763435198956,4.145170946313671,0
5.021052718062425,5.047896522073677,0
4.949997877956852,4.595394035540915,1
4.882122623275938,4.519277226829999,1
4.833621715759803,4.268014230342202,0
4.857421445388885,4.738699449292694,1
4.961298153616642,4.585822839203337,1
5.011535892749983,4.633018290282742,1
5.099986239558036,4.373763058887235,1
4.705979820364786,4.208668020455604,0
4.744793334588085,4.934180156500226,0
5.247538777137179,4.264888384382121,0
5.630899940811869,4.602714722459631,1
4.9140601501334595,5.050487318493482,0
5.905376183422134,4.550955063568793,1
4.853717198257049,4.851047522574154,0
4.233099247614842,4.693583759034982,1
5.152827013705719,4.8543936090520505,0
5.103614515949568,4.123833087341545,0
4.860031508727303,4.628060597336653,1
5.214557135409252,4.134288145900291,0
4.721368248670361,4.77733497235951,1
4.9132907247278625,4.963184146011726,0
5.431665563431062,4.5796692613149315,1
4.449968817198878,4.640629381723305,1
4.5606504296588355,4.5798994301499905,1
5.381159739237783,4.664942625428782,1
4.861637921325729,4.615596386560345,1
4.7046412290937205,4.143574297818676,0
4.367798778459735,4.202026390698835,0
5.3220558649130405,4.987379988693654,0
4.987353509440393,5.009481253616226,0
4.717722085075823,4.344714059537813,1
5.238765460533652,4.851748993557131,0
4.588017323046126,4.760993475790313,1
5.49411602935632,4.483476592253978,1
4.841561535344596,4.4739065829430045,1
5.056313362371632,4.983859036730671,0
4.965438168166928,4.9111394982124965,0
4.5488990365234,4.269870691583098,1
4.9414634825542585,4.201257339757916,0
5.203276300405714,4.978678858595476,0
5.043025469147468,4.840130409333686,0
5.874873664234586,4.350870635478943,1
4.777724872872984,4.882385113014367,0
5.381684591304008,4.106780949791273,0
5.092273731308278,4.269629978726041,0
5.040699701772983,4.933069229018312,0
5.2700101251681435,4.066057575413218,0
5.089072348143979,4.882609453821143,0
5.71675887253248,4.679989056772443,1
4.61570807952363,4.266525902927549,0
5.281383481380386,4.097227549436921,0
5.516578102489044,4.140613337521351,0
4.622394766597086,4.857034762878552,0
5.058571901014313,4.0390078722970415,0
5.081486496042247,4.826674860964688,0
4.414091132620828,4.489534048553289,1
5.023222380671088,4.865036445072989,0
5.457360741065611,4.130087720185752,0
4.535460836830069,4.403443393102723,1
4.864148835943705,4.251166780566108,0
4.9507771790211805,4.973604717693528,0
5.110909549506398,4.641314904626171,1
4.907160063944782,4.475188931499664,1
4.580477682325166,4.841683635632923,0
4.733365318495246,4.1754629294734915,0
4.462537291570728,4.271266035064304,0
4.64570206043238,4.382936364726751,1
5.0788677684196415,4.527362312724034,1
5.238097326534121,4.158410040493756,0
4.968055108912952,4.655316700740721,1
4.98923743598389,4.145380969085044,0
5.194141076375159,5.051046815531889,0
4.5042001197782655,4.665073111194934,1
4.418559476103445,4.260473671866154,0
5.018295823659376,4.57512866235828,1
4.82097428012204,4.088443573697208,0
5.486002211612798,4.267584629236773,0
5.630088344420724,4.0784350811070205,0
5.033979940333607,4.499921118203523,1
5.045072383142255,4.758754722542255,1
5.347981887269124,4.476296053563011,1
4.836124916779681,4.572265861262216,1
4.5869218399566245,4.407277027443119,1
4.89829699238271,4.834540970947325,0
4.751068385254055,5.021155045659525,0
5.487352097345944,4.530361676675902,1
5.383227583320132,4.3480770408836955,1
5.573352516745517,4.69244032681645,1
4.5498055778093125,4.804301572516526,0
5.290283702623194,4.626269910554228,1
4.75759499698383,4.457794838488668,1
4.716037602742238,4.59154669665468,1
4.143145828102002,4.160010668267618,0
4.386477618557427,4.287657754826875,1
4.889620053995456,4.268400062217133,0
4.7838194065155095,4.927734666144111,0
4.602226574872934,4.578689179041519,1
5.824264483887665,4.365570734585218,1
4.813237381565835,4.377157118143773,1
4.308238985376061,4.821573513798597,1
4.572537782490562,4.628407070135627,1
4.4196063975151,4.625583968705188,1
5.025340543933378,4.673187958294163,1
5.153738723719728,5.029773621102575,0
5.213229152845905,4.847935397981405,0
4.8348238739429865,4.785435603418008,0
4.716235783099277,4.181490358720815,0
4.8199500924141905,4.3911363510135795,1
5.951733767945231,4.972113856954562,0
4.33767502521015,4.56070197551539,1
4.63908692927877,4.100614997074427,0
5.032733537295245,4.523573158947632,1
5.121266909112287,4.069513418635915,0
5.087965237389813,4.060575083227377,0
4.728544547425639,4.962272044196594,0
5.393317116554169,5.003410358139652,0
5.252041900032176,4.963629448996037,0
5.522887464535893,4.863646587942284,0
4.968184107950799,4.190846765325748,0
5.792054167409493,4.269973450391206,0
5.383162347394569,4.733749284183041,1
4.948039260406441,4.732150414228898,1
5.7135294681685345,4.175518620808152,0
5.064986026707121,4.692518846790258,1
4.199256112640969,5.010690327660191,0
5.7887773175744215,4.1970531313462285,0
5.235376022903086,4.541111371421992,1
4.510865164249932,5.026369350378651,0
4.889769125820408,4.459381414584283,1
5.057165677219791,4.481822644169713,1
4.506102654238182,4.416846134494856,1
5.363742313377846,4.591822761274294,1
4.458323525205798,4.184659751141925,0
5.503226515750974,4.65975749852941,1
4.530338235733302,4.879734161693355,0
5.008099020845022,4.201826796845549,0
4.75049904785377,4.5087547557194245,1
4.979957554319099,4.159359867311583,0
4.45927978987789,4.739540242194634,1
4.433921852803622,4.532783443859009,1
5.69836917138352,4.274260579614883,0
4.956510359602214,4.757231126623617,1
5.274691980870741,4.345201849164771,1
4.274868495226009,4.54029478213171,1
5.451678735315912,4.679679581784603,1
4.5287406254635645,4.7919593717094715,0
4.829419123347851,4.0912661166266,0
5.346614728213122,4.706811421504358,1
5.528475130619258,4.2622242693969135,0
5.013816391066554,4.768430648732521,1
5.642312504791678,4.297257314437761,1
4.407475868740553,4.148865347346396,0
4.776683057494168,4.804274037043385,1
5.3915483175459435,4.815600271009342,0
4.877055436998526,4.253742356396111,0
4.4884850924369015,4.294110996824523,0
4.883429703733023,4.205665913025084,0
5.107307415879697,4.328234419492011,1
4.9212271004615875,4.732877200474923,1
5.446145372240746,4.481495707480583,1
4.814831877402168,4.22238327550057,0
5.790182835950983,4.080950727202485,0
5.473382361924573,4.843398128444557,0
5.157824493990109,4.559045294278791,1
5.4649171362077835,4.080231792006207,0
4.290407275954543,4.39117839288642,1
4.746953049535393,4.414499099872371,1
5.726269522982406,4.248393945372859,0
5.190537606499324,4.234644951001885,0
5.0162904540643956,4.338586718648717,1
4.689746983348452,4.300569037506265,1
5.427652985409139,4.959857035399604,0
5.0801437859505025,4.861559013054984,0
4.875132111672532,4.164251140608439,0
4.639704271186864,4.762288977218744,0
4.6067120341688765,4.443877903829562,1
5.52665982268336,4.230095721004067,0
4.832066470325169,4.0431392668565715,0
5.442078055503167,4.089102725010043,0
5.240876300135815,4.2789369143730625,1
4.856555381840865,4.22099936631636,0
5.492728879376517,4.3980497808637775,1
5.400780546713792,4.973000451567179,0
5.3125584742385294,4.982086189996484,0
5.5152638193161865,4.56716587275011,1
4.710083809736478,4.180351096826976,0
5.092005890530016,4.2050277479179945,0
4.2628009304220145,4.271686925669326,0
4.888805047257646,4.559192421945599,1
5.272293726061114,4.083869688825051,0
4.695987951574729,4.875230629882333,0
4.764830039514706,4.631813975284088,1
5.301395448809689,5.039532906686028,0
5.097043115383203,4.924755746570741,0
4.682957570189614,4.787486385146279,1
5.564337466719497,4.176056795556169,0
5.204994730535804,4.175471087035238,0
5.52289332746491,4.351748266207095,1
4.785985219513213,5.063901980658157,0
4.929473390104632,4.985383658482745,0
4.9604727298652325,4.5909624557581425,1
5.2895678244824405,4.275522321202128,0
5.476259611517906,5.014939595339865,0
4.551489866239687,4.826295518985258,0
4.9136285553892876,4.998165866094121,0
5.420434761796215,4.693733614376678,1
4.771000960287194,4.088034876113798,0
5.173527803138734,4.142016928034844,0
5.159943814549483,5.043652726606562,0
4.542924572918281,4.941718816883387,0
4.243019743599776,4.540942364783519,1
4.619638639071161,4.848479933535753,0
4.975422876470876,4.238534038535578,0
5.828142065815727,4.4012138015862385,1
4.831062088911537,4.545432834551997,1
4.955639441199252,4.1995471202989965,0
4.998338006758443,4.618271862586453,1
5.012222176174578,4.407751916577525,1
5.415742526015658,4.532413074658386,1
4.237723378343259,4.805283451186811,0
4.5057530681552596,4.476687049063057,1
4.481349392283613,4.383196190397559,1
5.4712045813713175,4.982388901841204,0
4.9466630740271,4.130133825994572,0
4.729753834833617,4.851225656904872,0
5.202051235481266,4.52672719908027,1
4.257144219379969,4.669508873208425,1
5.175435777762231,4.79595686826955,0
4.549728856068058,4.362737781286505,1
5.53023865436036,4.176860938111141,0
4.953525717346509,4.920923852158592,0
5.449333915953778,4.4192745495896135,1
4.500641807608993,4.819515555293766,0
5.353407063672833,4.144031001438295,0
4.5096423036638456,4.369145061964782,1
5.721109702932333,4.589161385878549,1
4.933900410519957,4.407262708982225,1
5.412740864285513,4.478428486083547,1
5.20930822038053,4.497369505463169,1
5.471303924306803,4.51839268485286,1
5.887292841360988,4.460203073056234,1
5.22441978760556,4.278912459286612,1
5.372635599152116,4.73174943298316,1
5.015171269551094,4.332284052822616,0
5.030547757839516,4.872800495925746,0
5.072067479513851,4.815649215176564,0
5.0233713955253245,4.639728668036556,1
5.043828068475613,4.575296949132939,1
4.937750411536864,4.119250723743635,0
4.864616835844398,4.472397609967978,1
5.5080119798112115,4.648955390404123,1
5.472465095727123,4.0582008491465915,0
5.367061865775389,4.91211834362162,0
5.8203372029041365,4.115436691823625,0
5.64529041915083,4.132437457734499,0
4.922374285748639,4.865341934250904,0
5.066440836390878,4.1231473479411855,0
4.842882835423216,4.409501865379636,1
5.09500810953454,4.851392406464679,0
4.905253460248273,4.1557431892297965,0
4.896956111950942,4.398632095522528,1
4.823627941077429,4.394746423001006,1
4.71229659952615,4.718078917522421,1
4.828859007248793,4.390386591313288,1
4.592898761491113,4.406878634844758,1
4.849577885956739,4.4023957636421835,1
5.0533833806690245,5.022026885166558,0
4.885085463703015,4.704636920072706,1
4.939038194174303,4.983175662052369,0
5.4343117408412045,4.9418158106629955,0
4.932831037321287,4.8402605968692685,1
4.28151839196865,4.849872239092542,0
4.518606453894264,4.819021316242242,0
4.717476323241502,4.967745179582524,0
5.358565983649117,4.857516602745665,0
4.61006180140812,4.381102153021795,1
4.554994773716988,4.964018900065313,0
4.660123428288419,4.856959582690969,0
5.395132401211475,4.272836062621429,0
5.074249402833965,4.2095146808817,0
4.638697635472936,5.043223399194325,0
5.329169429810684,4.466844746791718,1
4.871120291325633,4.079267511818153,0
4.370634470850082,5.047363616084515,0
5.493732578069414,4.02221197341365,0
4.72893119203778,4.559248326232694,1
5.370693326865329,4.430584871376644,1
5.187512915143147,4.409786210572214,1
5.894052868516568,4.75628367728751,1
4.732518715299385,4.297793744391049,1
4.667563780520495,4.72595785901474,1
5.593044422391098,4.866396681129617,0
4.700873070176564,4.739901621184605,1
5.262538630272598,5.03431652228126,0
4.699415859037882,4.640649880235812,1
4.607916042863566,4.707789886062577,1
5.157845830164008,4.329236026556183,1
5.039429234050519,4.401532691277844,1
4.937099183835648,4.5912466896313795,1
5.324341395482336,5.077769056465262,0
5.120988450400672,4.972507230956039,0
5.782984625313759,4.299884431857914,0
5.6115085179821484,4.462555781192814,1
4.954756765310895,4.939581464796242,0
4.918068555251946,4.714224403389318,1
4.749554135596401,4.375302461272612,1
5.505599711062541,4.781181733880282,1
4.640202255564555,4.224806531251082,0
4.448592805012032,4.97329608727627,0
4.942373612741689,4.894949964925556,0
5.645905767005886,4.230752685765145,0
5.047775578388279,4.052060911296817,0
4.237534081228775,4.448205138000619,1
5.8295238870678805,4.427202904772171,1
4.702287045370297,4.713620610609764,1
4.947044540580024,4.552337335446453,1
5.868755877000708,4.410672253119834,1
5.119670233860176,4.372949952827331,1
5.657012420151485,4.6380772899490035,1
5.035195370253012,4.1391662794715565,0
4.114619928476665,4.484408585236717,1
4.602210050579062,4.3025021674597825,1
5.256545420942174,4.18603021001476,0
4.991476262426205,4.129006097302223,0
5.025139149779809,4.096967049311408,0
5.3967227142477805,5.0048796549043,0
4.3833212295616475,4.882805672428338,0
5.2357756600509004,4.095241894238098,0
5.507222200165666,4.550466456316564,1
5.500728152038608,4.03800221052284,0
5.448376500919071,4.807998535597929,0
5.638704989036749,4.829825098762925,0
5.126582377548573,4.10392615053906,0
4.926912474369399,4.831288972956851,0
5.445993052529861,4.892813682085792,0
5.289315630773878,4.47039763448808,1
4.318954841715667,4.65303466356599,1
4.974612745744409,4.462103532982731,1
5.520027069463103,4.401519936721203,1
4.997873097620474,4.774673645200127,0
5.09525090551668,4.759692280659018,1
4.135774059165067,5.014179087002572,0
5.056697960092169,4.664085014396478,1
5.084664428438367,4.07231434710998,0
5.7441212940982505,4.740835423282276,1
4.826445325492774,4.90586398484558,0
5.255582611692281,4.7288745486930726,1
4.858229067442086,4.583781968553713,1
5.266023677212509,4.654440131117387,1
5.319798386483305,4.407896824311649,1
5.66975291570625,4.597730050108371,1
4.943666485791951,4.9883571628220915,0
4.661119751614121,4.3449530437744,1
4.973566214080262,4.861824292962561,0
4.717688602102871,4.764263763384903,1
4.369087758429453,4.985457791443841,0
5.439623370786153,4.380171004793214,1
5.30550237251134,4.423666608569934,1
5.002093910486512,4.978055417659102,0
5.081411175823723,4.795673273325378,0
4.505615730627498,4.630441844224464,1
4.567211755596475,4.681763995855309,1
5.417213874292762,4.981536737930215,0
4.847108514705698,4.303209457222435,1
4.342741266536125,4.4012124344865935,1
5.0558927802159515,5.058237289632953,0
4.798597787884179,4.424811685894632,1
4.607922682157241,4.624090986113599,1
4.495489080135506,4.806476651919645,0
5.24307676252045,4.550300181122933,1
5.449951001913796,4.951212257119016,0
5.51119715479455,4.73466534669073,1
4.638173426384825,4.1881769428486395,0
4.931528374008552,4.678824745159292,1
4.759767027195828,4.8126488971348875,0
4.831959870713698,4.276237755351967,0
5.017406358122432,4.918350487762499,0
4.311967790519139,4.557832092542247,1
4.748302622522893,4.419062111674044,1
5.0897087515753965,5.010769140792678,0
4.523036630469342,4.799064546645322,0
5.703139214148242,4.5081980939370325,1
5.915383335270745,4.271874817689712,1
5.6160708075874,4.414791538775218,1
5.245348532038983,4.307688135240448,1
4.327040254933426,4.859444159079343,0
4.616164370725803,4.4596915630065705,1
5.777003200243839,4.668140367099374,1
4.638323198779267,4.2883470260598875,0
5.156108531010733,4.3183254473839146,1
4.556995072060345,4.958343285314434,0
5.144128222212723,4.187793384825356,0
5.556711184301622,4.506000441479168,1
5.905441776449538,4.83548805529488,0
4.529886201792985,4.391476956598332,1
5.671334839077561,4.567710443643619,1
5.568546684408446,4.1431992887900435,0
5.208875722180627,4.7627188249921995,1
4.6711465149361935,4.546674600664547,1
4.643468920150984,4.466572325865737,1
5.193109471243414,4.262882929572465,0
4.980880162907676,4.09965571370959,0
4.72275681529629,4.375890796881129,1
5.204311196750916,4.56223044290018,1
5.2095696090129,4.390170368646394,1
4.816483961329367,5.070846791912696,0
4.611812747275942,4.126120826276362,0
5.168951404078266,4.154157143834662,0
5.595894842256589,4.7653466458629365,1
4.585001372822308,4.259784592322445,0
5.453320701402729,4.601884673584888,1
5.009070668896041,4.119847370967377,0
5.41412900457353,4.661859426788491,1
4.532008029809083,4.3698494978945055,1
5.424078078019803,4.315226415374777,0
4.875888313029829,4.987346998330738,0
4.873100783499672,4.036523684893057,0
4.808673481439358,4.536241408385193,1
5.391513737433158,4.9839016341537885,0
4.289507148677851,4.403903008664309,1
4.483747761550316,4.969216587251832,0
4.1715957721882155,4.161645416493707,0
5.1481100316196455,4.405601488230526,1
